source,show,reporter,report_type,date,link,specific_incident,rationalized_topics,ongoing_coverage,title,how_many_vehicles,transport_categories,vehicle_type,injured_number,injured_specific,killed_number,killed_specific,location,time_od_day,potential_causes,road_crash_liable,larger_context,statistics,statistics_scope,cited_orgs,solutions_discussed,responsible,tone,rater_notes,survey,news_type,language,pk,footage
gmanetwork,News TV Live,Jay Sabale,straight news,1/11/2014,http://www.gmanetwork.com/news/video/189889/newstvlive/delivery-van-sa-northbound-lane-ng-edsa-santolan-naaksidente,YES,road crash incident(s),,"Delivery van sa northbound lane ng EDSA-Santolan, naaksidente",1,Commercial,Delivery Van,1,ridergroup: truck passenger; gender: male; profession: truck helper; injury: arm wound /,,,EDSA Santolan North Bound,7:00 AM,"brake failure, loss of vehicle control",liableparty: truck driver; gender: male; status: not mentioned,,,,"MMDA, MRT security",,,,,yes,video,tagalog,2630,
gmanetwork,24 Oras,Lei Alviz,straight news,1/14/2014,http://www.gmanetwork.com/news/video/190242/24oras/pag-alis-sa-prangkisa-ng-don-mariano-tama-lang-ayon-sa-kaanak-ng-nasawi-sa-skyway-accident,YES,"road crash incident(s), public transport regulation",#donmarianoskyway,"Pag-alis sa prangkisa ng Don Mariano, tama lang, ayon sa kaanak ng nasawi sa Skyway accident",,,,,,,,,,,,,,,,,,,,yes,video,tagalog,2631,
gmanetwork,Balitanghali,Ian Cruz,straight news,1/15/2014,http://www.gmanetwork.com/news/video/190321/balitanghali/don-mariano-transit-patong-patong-ang-mga-kinasasangkutang-aksidente,YES,"road crash incident(s), public transportation regulation",#donmarianoskyway,"Don Mariano Transit, patong-patong ang mga kinasasangkutang aksidente",,,,,,,,,,,,,,,,,,,,yes,video,tagalog,2632,
gmanetwork,News TV Live,Mariz Umali,straight news,1/16/2014,http://www.gmanetwork.com/news/video/190439/newstvlive/kotse-at-2-school-service-nasangkot-sa-isang-aksidente-sa-kamuning-qc,YES,road crash incident(s),,"Kotse at 2 school service, nasangkot sa isang aksidente sa Kamuning, QC",3,"Private use vehicle, commercial","car, school service ",,,,,"Kamuning, Quezon City",,alcohol,"liableparty: car driver; status: refused to give comment to media, still intoxicated at the time of the report",,,,,,,,,yes,video,tagalog,2633,
gmanetwork,Balita Pilipinas,,straight news,1/17/2014,http://www.gmanetwork.com/news/video/190660/balitapilipinas/magkahiwalay-na-aksidente-sa-laoag-city-ilocos-norte-na-hulicam,YES,road crash incident(s),,"Magkahiwalay na aksidente sa Laoag City, Ilocos Norte, na-hulicam",1,Private use vehicle,motorcycle,2,name: Marvin James Pascua; gender: male; ridergroup: motorcycle rider; gender: male; injury: arm bruises and scratches / name: Marivic Agno; gender: female; ridergroup: pedestrian; injury: head and arm injury /,,,"Rizal Street, Laoag City, Ilocos Norte",Morning,speeding,liableparty: motorcycle rider; liability: financial assistance to victim; status: already settled with the victim ,,,,,road user education,vehicle users,,This report also mentioned another crash caught on CCTV cameras that occured along General Segundo Avenue in Laoag City. This accident involved a motorcycle and a tricycle that collided after the motorcycle made a sharp turn on the road. Both drivers sustained minor injuries. No other details were given. ,yes,video,tagalog,2634,
gmanetwork,Unang Balita,Love Anover,straight news,1/20/2014,http://www.gmanetwork.com/news/video/190847/unangbalita/2-kotse-naaksidente-malapit-sa-edsa-kamuning,YES,"road crash incident(s), traffic congestion advisory, traffic enforcement",,"2 kotse, naaksidente malapit sa EDSA-Kamuning",2,No specified,Not specified,,,,,,,,,,,,,,,,This report is mostly about a traffic advisory and a new traffic scheme implemented in EDSA Kamuning. No details about the 2-vehicle road crash were given. ,yes,video,tagalog,2635,
gmanetwork,QRT,,straight news,1/29/2014,http://www.gmanetwork.com/news/video/192000/qrt/sistema-ng-pagpaparusa-sa-bus-companies-na-may-negatibong-road-safety-record-kinwestyon,,"road safety, public transportation regulation, traffic enforcement and violations",,"Sistema ng pagpaparusa sa bus companies na may negatibong road safety record, kinwestyon",,,,,,,,,,,,YES,,,,,,,,,video,tagalog,2636,
gmanetwork,24 Oras,Marisol Abdurahman,straight news,2/7/2014,http://www.gmanetwork.com/news/video/193032/24oras/arvin-tado-jimenez-isa-sa-mga-nasawi-sa-aksidente-sa-bontoc,YES,"road crash incident(s), human interest",#bontocbustragedy,"Arvin 'Tado' Jimenez, isa sa mga nasawi sa aksidente sa Bontoc",,,,,,,,,,,,,,,,,,,,yes,video,tagalog,2637,
gmanetwork,State of the Nation,,straight news,2/7/2014,http://www.gmanetwork.com/news/video/193048/stateofthenation/kumedyanteng-si-tado-jimenez-kabilang-sa-mga-nasawi-sa-bus-accident-sa-bontoc,YES,"road crash incident(s), human interest, road crash victims",#bontocbustragedy,"Kumedyanteng si Tado Jimenez,  kabilang sa mga nasawi sa bus accident sa Bontoc",,,,,,,,,,,,,,,,,,,,yes,video,tagalog,2638,
gmanetwork,State of the Nation,,straight news,2/7/2014,http://www.gmanetwork.com/news/video/193047/stateofthenation/kumpanya-ng-bus-na-aksidenteng-nahulog-sa-bontoc-pinatawan-ng-30-day-suspension,YES,"road crash incident(s), public transportation regulation",#bontocbustragedy,"Kumpanya ng bus na aksidenteng nahulog sa Bontoc, pinatawan ng 30-day suspension",,,,,,,,,,,,,,,,,,,,yes,video,tagalog,2639,
gmanetwork,24 Oras,Hadji Rieta,straight news,2/8/2014,http://www.gmanetwork.com/news/video/193092/24oras/giit-ng-ilang-namatayan-sa-aksidente-binalewala-raw-sila-ng-florida-transport,YES,"road crash incident(s), human interest, road crash victims",#bontocbustragedy,"Giit ng ilang namatayan sa aksidente, binalewala raw sila ng Florida Transport",,,,,,,,,,,,,,,,,,,,yes,video,tagalog,2640,
gmanetwork,Saksi,Arnold Clavio,straight news,2/8/2014,http://www.gmanetwork.com/news/video/193063/saksi/ltfrb-walang-permisong-kumuha-ng-pasahero-ang-naaksidenteng-bus-sa-bontoc,YES,"road crash incident(s), public transportation regulation",#bontocbustragedy,LTFRB: Walang permisong kumuha ng pasahero ang naaksidenteng bus sa Bontoc,,,,,,,,,,,,,,,,,,,,yes,video,tagalog,2641,
gmanetwork,Balita Pilipinas,,straight news,2/8/2014,http://www.gmanetwork.com/news/video/193103/balitapilipinas/pamilya-ng-biktima-ng-bontoc-bus-accident-nakikipag-usap-sa-gv-florida,YES,"road crash incident(s), public transportation regulation",#bontocbustragedy,"Pamilya ng biktima ng Bontoc bus accident, nakikipag-usap sa GV Florida",,,,,,,,,,,,,,,,,,,,yes,video,tagalog,2642,
gmanetwork,Unang Balita,Hadji Rieta,straight news,2/10/2014,http://www.gmanetwork.com/news/video/193172/unangbalita/human-error-at-mechanical-failure-tinitingnang-sanhi-ng-bus-accident-sa-bontoc,YES,"road crash incident(s), crash investigation",#bontocbustragedy,"Human error at mechanical failure, tinitingnang sanhi ng bus accident sa Bontoc",,,,,,,,,,,,,,,,,,,,yes,video,tagalog,2643,
gmanetwork,News to Go,Mav Gonzales,straight news,2/10/2014,http://www.gmanetwork.com/news/video/193198/newstogo/labi-ng-2-sa-mga-nasawi-sa-bus-accident-sa-bontoc-nakaburol-na,YES,"road crash incident(s), human interest, road crash victims",#bontocbustragedy,"Labi ng 2 sa mga nasawi sa bus accident sa Bontoc, nakaburol na",,,,,,,,,,,,,,,,,,,,yes,video,tagalog,2644,
gmanetwork,State of the Nation,Micaela Papa,feature,2/10/2014,http://www.gmanetwork.com/news/video/193300/stateofthenation/mga-alagad-ng-sining-kasamang-nasawi-sa-aksidente-sa-bontoc,YES,"road crash incident(s), human interest, road crash victims",#bontocbustragedy,"Mga alagad ng sining, kasamang nasawi sa aksidente sa Bontoc",,,,,,,,,,,,,,,,,,advocating change,Human interest stories on victims including Tado Jimenez,yes,video,tagalog,2645,
gmanetwork,News to Go,Howie Severino,straight news,2/10/2014,http://www.gmanetwork.com/news/video/193190/newstogo/panayam-kay-ltfrb-exec-dir-roberto-cabrera-kaugnay-sa-bontoc-bus-accident,YES,"road crash incident(s), public transportation regulation",#bontocbustragedy,Panayam kay LTFRB Exec. Dir. Roberto Cabrera kaugnay sa Bontoc bus accident,,,,,,,,,,,,,,,,,,,,yes,video,tagalog,2646,
gmanetwork,Balitanghali,Steve Dailisan,straight news,2/11/2014,http://www.gmanetwork.com/news/video/193383/balitanghali/automobile-assoc-of-the-phl-hindi-dapat-isisi-sa-makina-o-preno-ng-bus-ang-dahilan-ng-aksidente,YES,"road crash incident(s), road crash follow-up report, crash investigation, vehicle safety and maintenance",#bontocbustragedy,Automobile Assoc. of the Phl: Hindi dapat isisi sa makina o preno ng bus ang dahilan ng aksidente,,,,,,,,,,,,,,,Automobile Association of the Philippines,,,,"AAP talks about calling Bontoc Bus Tragedy ""crash"" instead of ""accident"" ",yes,video,tagalog,2647,
gmanetwork,Balitanghali,Cedric Castillo,straight news,2/11/2014,http://www.gmanetwork.com/news/video/193363/balitanghali/ltfrb-binabatikos-dahil-sa-umano-y-kapabayaan-matapos-ang-sunod-sunod-na-bus-accidents,YES,"road crash incident(s), public transportation regulation, vehicle safety and maintenance",#bontocbustragedy #donmarianoskyway,"LTFRB, binabatikos dahil sa umano'y kapabayaan matapos ang sunod-sunod na bus accidents",,,,,,,,,,,,YES,YES,not mentioned,"LTFRB, Automobile Association of the Philippines, Senator ","enforcement of speed limits, installation of CCTV cameras, driver education","government agencies, government officials, civil society",,"The report mentions statistics from LTFRB - 104 bus-related accidents from September 2012 to December 2013, leaving 96 people dead and 403 injured. Geographical scope of the statistics was not mentioned.",yes,video,tagalog,2648,
gmanetwork,QRT,Hadji Rieta,straight news,2/11/2014,http://www.gmanetwork.com/news/video/193411/qrt/nakaligtas-na-pasahero-iginiit-na-maayos-ang-panahon-noong-mangyari-ang-aksidente,YES,"roac crash incident(s), crash investigation",#bontocbustragedy,"Nakaligtas na pasahero, iginiit na maayos ang panahon noong mangyari ang aksidente",1,PUV,bus,,,,,,,,,,,,Police,,,,Follow up on GV Florida (Bontoc bus crash) - Reaction of survivor ,yes,video,tagalog,2649,
gmanetwork,News to Go,Hadji Rieta,straight news,2/11/2014,http://www.gmanetwork.com/news/video/193342/newstogo/problema-sa-preno-nakikitang-sanhi-ng-aksidente-ng-bus-ng-gv-florida-transport,YES,"road crash incident(s), vehicle safety and maintenance",#bontocbustragedy,"Problema sa preno, nakikitang sanhi ng aksidente ng bus ng GV Florida Transport",,,,,,,,,,,,,,,,,,,,yes,video,tagalog,2650,
gmanetwork,Balita Pilipinas,,straight news,2/12/2014,http://www.gmanetwork.com/news/video/193553/balitapilipinas/gv-florida-transport-at-driver-ng-naaksidente-nitong-bus-sinampahan-na-ng-reklamo,YES,"road crash incident(s), enforcement of existing laws and ordinances",#bontocbustragedy,"GV Florida Transport at driver ng naaksidente nitong bus, sinampahan na ng reklamo",,,,,,,,,,,,,,,,,,,Cases filed against GV Florida ,yes,video,tagalog,2651,
gmanetwork,News to Go,Hadji Rieta,straight news,2/12/2014,http://www.gmanetwork.com/news/video/193489/newstogo/gv-florida-transport-at-driver-ng-naaksidenteng-bus-sinampahan-na-ng-reklamo,YES,"road crash incident(s), enforcement of existing laws and ordinances, road crash follow-up report",#bontocbustragedy,"GV Florida Transport at driver ng naaksidenteng bus, sinampahan na ng reklamo",,,,,,,,,,,,,,,PNP,,,,,yes,video,tagalog,2652,
gmanetwork,Saksi,Hadji Rieta,straight news,2/12/2014,http://www.gmanetwork.com/news/video/193457/saksi/gv-florida-transport-at-driver-ng-naaksidenteng-bus-sinampahan-ng-reklamo,YES,"road crash incident(s), enforcement of existing laws and ordinance",#bontocbustragedy,"GV Florida Transport at driver ng naaksidenteng bus, sinampahan ng reklamo",,,,,,,,,,,,,,,,,,,,yes,video,tagalog,2653,
gmanetwork,Balitanghali,Ian Cruz,straight news,2/12/2014,http://www.gmanetwork.com/news/video/193517/balitanghali/kondisyon-ng-kalsada-at-fog-dahilan-ng-aksidente-ayon-sa-gv-florida-transport,YES,"road crash incident(s), crash investigation",#bontocbustragedy,"Kondisyon ng kalsada at fog, dahilan ng aksidente, ayon sa GV Florida Transport",,,,,,,,,,,,,,,,,,,,yes,video,tagalog,2654,
gmanetwork,QRT,Hadji Rieta,straight news,2/13/2014,http://www.gmanetwork.com/news/video/193674/qrt/driver-ng-naaksidenteng-bus-idinetalye-ang-mga-naganap-bago-nahulog-ang-bus-sa-bangin,YES,"road crash incident(s), road crash investigation, road crash follow-up report",#bontocbustragedy,"Driver ng naaksidenteng bus, idinetalye ang mga naganap bago nahulog ang bus sa bangin",,,,,,,,,,,"liableparty: bus driver; name: Edgar Renon; gender: male; bus company: GV Florida; status: discharged from Bontoc General Hospital and held at the Provincial District Jail, asking for legal support /",,,,,,,,"This is a follow up on the Bontoc Bus Crash, detailing the account of the accident from the bus driver. ",yes,video,tagalog,2655,
gmanetwork,Saksi,Hadji Rieta,straight news,2/13/2014,http://www.gmanetwork.com/news/video/193613/saksi/mga-nasawi-sa-bus-accident-sa-bontoc-bibigyan-ng-p150-000-na-tulong,YES,"road crash incident(s), road crash victims",#bontocbustragedy,"Mga nasawi sa bus accident sa Bontoc, bibigyan ng P150,000 na tulong",,,,,,,,,,,,,,,,,,,,yes,video,tagalog,2656,
gmanetwork,24 Oras,Vonne Aquino,straight news,2/13/2014,http://www.gmanetwork.com/news/video/193687/24oras/pick-up-na-nagsakay-ng-pasahero-ng-na-aksidenteng-bus-bumaligtad-1-patay,YES,road crash incident(s),,"Pick-up na nagsakay ng pasahero ng na-aksidenteng bus, bumaligtad; 1 patay",1,Private use vehicle,Pick up truck,15,"ridergroup: pickup passenger; hospital: Las Pinas General Hospital, St. Dominic Hospital * 15 /",1,gender: male; age: 50 to 60 years old; ridergroup: passenger; medicalcondition: DOA; hospital: Las Pinas General Hospital,Coastal Road,Past 8:00 pm,loss of vehicle control,liableparty: pick up driver; status: no charges will be filed,,,,,,,,,yes,video,tagalog,2657,
gmanetwork,News to Go,Hadji Rieta,straight news,2/14/2014,http://www.gmanetwork.com/news/video/193759/newstogo/driver-ng-bus-na-naaksidente-sa-bontoc-iginiit-na-nagkaproblema-sa-preno,YES,"road crash incident(s), crash investigation",#bontocbustragedy,"Driver ng bus na naaksidente sa Bontoc, iginiit na nagkaproblema sa preno",,,,,,,,,,,,,,,,,,,,yes,video,tagalog,2658,
gmanetwork,Saksi,Hadji Rieta,straight news,2/14/2014,http://www.gmanetwork.com/news/video/193718/saksi/driver-ng-naaksidenteng-bus-iginiit-na-di-siya-nakatulog-habang-nagmamaneho,YES,"road crash follow-up report, crash investigation",#bontocbustragedy,"Driver ng naaksidenteng bus, iginiit na 'di siya nakatulog habang nagmamaneho",,,,,,,,,,,,,,,,,,,,yes,video,tagalog,2659,
gmanetwork,News TV Live,Joseph Morong,straight news,2/15/2014,http://www.gmanetwork.com/news/video/193887/newstvlive/labi-ng-nasawi-sa-aksidente-sa-bontoc-na-si-christian-cabardo-inilibing-na,YES,"road crash incident(s), road crash victims, human interest",#bontocbustragedy,"Labi ng nasawi sa aksidente sa Bontoc na si Christian Cabardo, inilibing na",,,,,,,,,,,,,,,,,,,,yes,video,tagalog,2660,
gmanetwork,24 Oras,Jiggy Manicad,straight news,2/15/2014,http://www.gmanetwork.com/news/video/193877/24oras/tattoo-artist-na-namatay-sa-naaksidenteng-bus-sa-mt-province-inilibing-na,YES,"road crash incident(s), human interest, road crash victims",#bontocbustragedy,"Tattoo artist na namatay sa naaksidenteng bus sa Mt. Province, inilibing na",,,,,,,,,,,,,,,,,,,,yes,video,tagalog,2661,
gmanetwork,State of the Nation,Sherrie Ann Torres,in-depth or explanatory report,2/18/2014,http://www.gmanetwork.com/news/video/194239/stateofthenation/pinakamataas-na-accident-rate-sa-metro-manila-naitala-sa-quezon-avenue-at-commonwealth-avenue,YES - multiple,"road crash incident(s), road safety",,"Pinakamataas na accident rate sa Metro Manila, naitala sa Quezon Avenue at Commonwealth Avenue",,,,,,,,,,,,YES,YES,"Regional, local","MMDA, University of the Philippines Urban Planning and Transport Studies Institute",,,,Named the most accident prone areas in Manila based on data from GMA News Research. Interviewed an expert from UP about high-density of automobiles causing crashes.,yes,video,tagalog,2662,
gmanetwork,QRT,Ian Cruz,straight news,2/19/2014,http://www.gmanetwork.com/news/video/194344/qrt/biyuda-ni-tado-dumalo-sa-pagdining-ng-ltrfb-sa-aksidente-sa-bontoc-mt-province,YES,"road crash incident(s), road crash victims, public transportation regulation",#bontocbustragedy,"Biyuda ni Tado, dumalo sa pagdining ng LTRFB sa aksidente sa Bontoc, Mt. Province",,,,,,,,,,,,,,,,,,,,yes,video,tagalog,2663,
gmanetwork,Balitanghali,Ian Cruz,straight news,2/19/2014,http://www.gmanetwork.com/news/video/194299/balitanghali/ltfrb-nagsagawa-ng-pagdinig-kaugnay-sa-kinasangkutang-aksidente-ng-florida-bus,YES,"road crash incident(s), road crash follow-up report, public transportation regulation",#bontocbustragedy,"LTFRB, nagsagawa ng pagdinig kaugnay sa kinasangkutang aksidente ng Florida bus",,,,,,,,,,,,,,,,,,,,yes,video,tagalog,2664,
gmanetwork,Saksi,Sherrie Ann Torres,straight news,2/19/2014,http://www.gmanetwork.com/news/video/194252/saksi/mga-aksidente-sa-lansangan-problema-rin-maliban-pa-sa-mabigat-na-trapiko,YES - multiple,"road crash incident(s), road safety",,"Mga aksidente sa lansangan, problema rin maliban pa sa mabigat na trapiko",,,,,,,,,,,,,,,,,,,,,video,tagalog,2665,
gmanetwork,24 Oras,Mike Enriquez,straight news,2/20/2014,http://www.gmanetwork.com/news/video/194524/24oras/salpukan-ng-motorsiklo-sa-umano-y-takaw-aksidenteng-intersection-na-huli-cam,YES,road crash incident(s),,"Salpukan ng motorsiklo sa umano'y takaw-aksidenteng intersection, na-huli cam",2,private use vehicle,motorcycle,3,ridergroup: motorcycle driver; gender: male; / ridergroup: motorcycle driver; gender: male; / ridergroup: motorcycle passenger; gender: female;/,,,"Ilocos Norte, Laoag City",daytime,"lack of traffic enforcer, lack of stoplight",,YES,,Local,,,,,"The area was called ""accident prone"" but no specific stats given.",yes,video,tagalog,2666,cctv
gmanetwork,24 Oras,JP Soriano,straight news,2/21/2014,http://www.gmanetwork.com/news/video/194655/24oras/exclusive-pasahero-ng-naaksidenteng-florida-bus-kumuha-ng-video-bago-nasawi,YES,"road crash incident(s), road crash follow-up report, human interest, road crash victims",#bontocbustragedy,"Exclusive: Pasahero ng naaksidenteng Florida bus, kumuha ng video bago nasawi",,,,,,,,,,,,,,,,,,,,yes,video,tagalog,2667,
gmanetwork,24 Oras,Pia Arcangel,straight news,2/22/2014,http://www.gmanetwork.com/news/video/194736/24oras/dalawang-nasawi-sa-aksidente-sa-cavite-magkatrabaho-at-hindi-magkasintahan,YES,"road crash incident(s), road crash victims",#cavitecouple,"Dalawang nasawi sa aksidente sa Cavite, magkatrabaho at hindi magkasintahan",2,private,"car, truck",,,2,"ridergroup: driver; gender: female; name: Marion Acaba; age: 25; /
ridergroup: passenger; gender: male; name: Michael John; age: 25; /","Cavite, Silang",morning,,,,,,,,,,"This report corrects an initial report that says 2 road crash fatalities, Marione Fides Acaba and her co-worker, Michael John S. Antonio were a couple. They died when their car crashed into a truck in Silang, Cavite. ",yes,video,tagalog,2668,
gmanetwork,Balitanghali,Jun Veneracion,straight news,2/22/2014,http://www.gmanetwork.com/news/video/194721/balitanghali/paglilinaw-babae-at-lalaking-nasawi-sa-aksidente-sa-cavite-hindi-magkasintahan,YES,"road crash incident(s), road crash victims",#cavitecouple,"Paglilinaw: Babae at lalaking nasawi sa aksidente sa Cavite, hindi magkasintahan",,,,,,,,,,,,,,,,,,,"This report corrects an initial report that says 2 road crash fatalities, Marione Fides Acaba and her co-worker, Michael John S. Antonio were a couple. They died when their car crashed into a truck in Silang, Cavite. ",yes,video,tagalog,2669,
gmanetwork,Unang Balita,Love Aover,straight news,2/26/2014,http://www.gmanetwork.com/news/video/195097/unangbalita/random-inspection-sa-mga-bus-isinasagawa-kasunod-ng-mga-aksidenteng-kinasangkutan,,"road crash incident(s), public transportation regulation, traffic enforcement and violations",,"Random inspection sa mga bus, isinasagawa kasunod ng mga aksidenteng kinasangkutan",,,,,,,,,,,,,,,,,,,,,video,tagalog,2670,
gmanetwork,News to Go,Isay Reyes,feature,2/28/2014,http://www.gmanetwork.com/news/video/195393/newstogo/mga-estudyante-tinuruan-ng-iba-t-ibang-traffic-safety-rules-para-iwas-aksidente,,"road safety, road user education",,"Mga estudyante, tinuruan ng iba't ibang traffic safety rules para iwas-aksidente",,,,,,,,,,,,,,,,,,,,,video,tagalog,2671,
gmanetwork,Unang Balita,Arnold Clavio,straight news,3/3/2014,http://www.gmanetwork.com/news/video/195575/unangbalita/panayam-kay-engr-manuel-bonoan-kaugnay-sa-panibagong-aksidente-sa-skyway,YES,road crash incident(s),#skywaycoaster,Panayam kay Engr. Manuel Bonoan kaugnay sa panibagong aksidente sa Skyway,2,"private use vehicle, commercial vehicle","SUV, coaster van",1,ridergroup: driver; employer: Skyway corporation;/,,,,night,"fatigue, speeding",liableparty: SUV driver; status: charges being studied;/,,,,Skyway Corporation,speed limit,,advocating change,,yes,video,tagalog,2672,
gmanetwork,QRT,Jiggy Manicad,straight news,3/3/2014,http://www.gmanetwork.com/news/video/195671/qrt/panayam-kay-engr-manuel-bonoan-tungkol-sa-aksidente-umano-sa-skyway,YES,road crash incident(s),#skywaycoaster,Panayam kay Engr. Manuel Bonoan tungkol sa aksidente umano sa Skyway,,,,,,,,,,,,,,,,,,,,yes,video,tagalog,2673,
gmanetwork,State of the Nation,Marisol Abdurahman,straight news,3/4/2014,http://www.gmanetwork.com/news/video/195876/stateofthenation/bakod-ng-skyway-dapat-daw-gawing-mas-mataas-at-mas-matibay-para-makaiwas-sa-aksidente,,"road crash incident(s), road infrastructure",#donmarianoskyway,"Bakod ng Skyway, dapat daw gawing mas mataas at mas matibay para makaiwas sa aksidente",,,,,,,,,,,,YES,YES,not mentioned ,"Toll Regulatory Board, Infra-Watch, DPWH",Improvement of Road Infrastructure,"government agencies, vehicle users",,The report mentions that no less than 24 people have died from vehicles falling from the elevated Skyway.,yes,video,tagalog,2674,
gmanetwork,Unang Balita,Rhea Santos,straight news,3/6/2014,http://www.gmanetwork.com/news/video/196042/unangbalita/sasakyan-naaksidente-sa-skyway-kahapon,YES,road crash incident(s),,"Sasakyan, naaksidente sa Skyway kahapon",1,,,,,,,"Metro Manila, Skyway",daytime,,,,,,,,,,,yes,video,tagalog,2675,ugc
gmanetwork,24 Oras,Pia Arcangel,straight news,3/8/2014,http://www.gmanetwork.com/news/video/196336/24oras/prangkisa-ng-2-kompanya-ng-bus-na-sangkot-sa-aksidente-sa-edsa-magallanes-kinansela-ng-ltfrb,YES,"road crash incident(s), public transportation regulation",,"Prangkisa ng 2 kompanya ng bus na sangkot sa aksidente sa EDSA-Magallanes, kinansela ng LTFRB",2,public,bus,,,,,,,,liableparty: bus companies; liability: suspension of franchise;/,,,,,,,,,yes,video,tagalog,2676,
gmanetwork,Unang Balita,Susan Enriquez,straight news,3/10/2014,http://www.gmanetwork.com/news/video/196419/unangbalita/3-sasakyan-naaksidente-sa-edsa-guadalupe-southbound-dahil-sa-tumapong-buhangin,YES,"road crash incident(s), traffic congestion",,"3 sasakyan, naaksidente sa EDSA-Guadalupe southbound dahil sa tumapong buhangin",3,"private, commercial",,,,,,"Metro Manila, Makati City, EDSA Guadalupe",before dawn,,,,,,MMDA,,,,,yes,video,tagalog,2677,
gmanetwork,Balita Pilipinas,Donna Timbal Sinahon,straight news,3/10/2014,http://www.gmanetwork.com/news/video/196512/balitapilipinas/5-patay-sa-magkahiwalay-na-aksidente-sa-davao-city,YES,road crash incident(s),,5 patay sa magkahiwalay na aksidente sa Davao City,3,"private use vehicle, commercial ","motorcycle, truck driver, cement mixer ",,,4,ridergroup: motorcycle rider; gender: male; condition: dead on the spot / ridergroup: motorcycle passenger; gender: female; others: pregnant; condition: dead on the spot / ridergroup: truck driver; condition: dead on the spot / ridergroup: cement mixer driver; condition: dead on the spot /,"Pangi Singko intersection, Davao City, Davao",,loss of vehicle control,liableparty: cement mixer driver; status: dead,,,,PNP,,,,"This report also mentions two other road crash incidents. One in Davao City where a member of Task Force Davao was killed riding a motorcycle. He was hit by a public jeepney. The other incident occurred in Alaminos, Pangasinan where two people died and two were injured when a motorcycle hit a tricycle. ",yes,video,tagalog,2678,
gmanetwork,Alisto,Arnold Clavio,feature,3/11/2014,http://www.gmanetwork.com/news/video/196584/alisto/top-5-worst-motorcycle-accidents-sa-davao-tampok-sa-alisto,YES - multiple,road crash incident(s),,"Top 5 worst motorcycle accidents sa Davao, tampok sa 'Alisto!'",,,motorcycle,,,,,Davao City,,,,YES,,,Public Safety  and Security Command Center,,,,about multiple motorcycle incidents in Davao,yes,video,tagalog,2679,cctv
gmanetwork,News TV Live,Steve Dailisan,straight news,3/16/2014,http://www.gmanetwork.com/news/video/197187/newstvlive/17-miyembro-ng-pnp-saf-sugatan-sa-aksidente-sa-sarangani-province,YES,road crash incident(s),,"17 miyembro ng PNP SAF, sugatan sa aksidente sa Sarangani Province",1,government vehicle,truck,17,ridergroup: passengers; profession: PNP SAF * 17/,,,"Sarangani Province, Kiangan",before dawn,"loss of control, sharp curve",,,,,,,,,,yes,video,tagalog,2680,
gmanetwork,Unang Balita,Allan Gatus,straight news,3/20/2014,http://www.gmanetwork.com/news/video/197711/unangbalita/trailer-truck-naaksidente-sa-mindanao-avenue,YES,"road crash incident(s), traffic congestion",,"Trailer truck, naaksidente sa Mindanao Avenue",1,commercial,truck,1,ridergroup: passenger; /,,,"Metro Manila, Quezon City, Mindanao Avenue",morning,,,,,,,,,,,yes,video,tagalog,2681,
gmanetwork,Unang Balita,Ivan Mayrina,straight news,3/20/2014,http://www.gmanetwork.com/news/video/197713/unangbalita/truck-accident-sa-mindanao-ave-nagdudulot-ng-traffic-sa-nlex,YES,road crash incident(s),,"Truck accident sa Mindanao Ave., nagdudulot ng traffic sa NLEX",1,commercial,truck,,,,,Mindanao Avenue,,,,,,,,,,,Report used Waze to illustrate where the traffic congestion and the accident is,yes,video,tagalog,2682,
gmanetwork,24 Oras,Maki Pulido,straight news,3/22/2014,http://www.gmanetwork.com/news/video/198027/24oras/ilang-bus-nasangkot-sa-iba-t-ibang-aksidente-sa-unang-tatlong-buwan-ng-2014,YES - multiple,road crash incident(s),,"Ilang bus, nasangkot sa iba't ibang aksidente sa unang tatlong buwan ng 2014",,,,,,,,Metro Manila,,,,YES,,,,,,,"Report mentions different road accidents that happened in Q1 of 2014 but does not mention the total number, or statistics related to it",yes,video,tagalog,2683,
gmanetwork,QRT,Isay Reyes,straight news,3/25/2014,http://www.gmanetwork.com/news/video/198337/qrt/scci-transit-bus-company-dati-nang-may-kaso-bago-ang-aksidente-kahapon-ayon-sa-ltfrb,YES,road crash incident(s),#sccibus,"SCCI Transit bus company, dati nang may kaso bago ang aksidente kahapon ayon sa LTFRB",1,public,bus,,,,,"Batangas, SLEX",,"vehicle-related, tire-related",liableparty: bus supplier; status: ongoing investigation; /,,,,,,,,,yes,video,tagalog,2684,ugc
gmanetwork,Balitanghali,Isay Reyes,straight news,3/26/2014,http://www.gmanetwork.com/news/video/198453/balitanghali/driver-ng-scci-transit-bus-na-naaksidente-negatibo-sa-ilegal-na-droga,YES,road crash incident(s),#sccibus,"Driver ng SCCI Transit bus na naaksidente, negatibo sa ilegal na droga",1,public,bus,,,,,"Batangas, SLEX",,"vehicle-related, tire-related",liableparty: bus supplier; status: ongoing investigation; /,,,,,,,,Report uses CCTV footage,yes,video,tagalog,2685,cctv
gmanetwork,News to Go,Kara David,straight news,3/26/2014,http://www.gmanetwork.com/news/video/198424/newstogo/mechanical-problem-sanhi-daw-ng-bus-accident-sa-slex,YES,road crash incident(s),#sccibus,"Mechanical problem, sanhi daw ng bus accident sa SLEX",1,public,bus,,,,,"Batangas, SLEX",,"vehicle-related, tire-related",liableparty: bus supplier; status: ongoing investigation; /,,,,,,,,Report uses CCTV footage,yes,video,tagalog,2686,cctv
gmanetwork,Alisto,Arnold Clavio,straight news,3/28/2014,http://www.gmanetwork.com/news/video/198735/alisto/alisto-mga-aksidente-sa-cavite-nakunan-ng-cctv,YES,"road crash incident(s), CCTV cameras",,"Alisto: Mga aksidente sa Cavite, nakunan ng CCTV!",,,,,,,,,,"speeding, violation of road rules",,YES,,,"Barangay South Triangle QC, Transportation Science Society of the Philippines",installation of CCTV cameras along highways and pedestrian zones,"vehicle users, civil society, public officials",,The report shows CCTV videos of four road crash incidents in Quezon City. ,yes,video,tagalog,2687,cctv
gmanetwork,Balitanghali,Mariz Umali,straight news,3/29/2014,http://www.gmanetwork.com/news/video/198789/balitanghali/kotseng-nagda-drag-race-umano-sa-marcos-highway-naaksidente,YES,road crash incident(s),,"Kotseng nagda-drag race umano sa Marcos Highway, naaksidente",1,private,car,,,,,Marcos Highway,,speeding,,,,,,,,,"Report uses UGC material, details of report came from person who submitted the report",yes,video,tagalog,2688,ugc
gmanetwork,QRT,Jiggy Manicad,straight news,4/1/2014,http://www.gmanetwork.com/news/video/199079/qrt/dating-basketbolistang-si-bryan-gahol-patay-sa-aksidente-sa-slex,YES,road crash incident(s),#bryangahol,"Dating basketbolistang si Bryan Gahol, patay sa aksidente sa SLEX",,,,,,,,,,,,,,,,,,,,yes,video,tagalog,2689,
gmanetwork,Balita Pilipinas,,straight news,4/1/2014,http://www.gmanetwork.com/news/video/199069/balitapilipinas/dating-pba-player-bryan-gahol-at-isa-niyang-kasama-patay-sa-aksidente,YES,road crash incident(s),#bryangahol,"Dating PBA player Bryan Gahol at isa niyang kasama, patay sa aksidente",,,,,,,,,,,,,,,,,,,Use of CCTV footage in report,yes,video,tagalog,2690,cctv
gmanetwork,Balitanghali,Oscar Oida,straight news,4/1/2014,http://www.gmanetwork.com/news/video/199044/balitanghali/dating-pba-player-bryan-gahol-patay-nang-madamay-sa-aksidente-paakyat-ng-skyway,YES,road crash incident(s),#bryangahol,"Dating PBA player Bryan Gahol, patay nang madamay sa aksidente paakyat ng Skyway",,,,,,,,,,,,,,,,,,,,yes,video,tagalog,2691,
gmanetwork,Balitanghali,Jay Sabale,straight news,4/1/2014,http://www.gmanetwork.com/news/video/199055/balitanghali/driver-ng-jeep-lumalabas-na-may-kasalanan-sa-aksidenteng-ikinamatay-ni-gahol,YES,"road crash incident(s), road crash follow-up report",#bryangahol,"Driver ng jeep, lumalabas na may kasalanan sa aksidenteng ikinamatay ni Gahol",,,,,,,,,,,liableparty: jeepney driver; /,,,,Skyway office,,,,,yes,video,tagalog,2692,
gmanetwork,Unang Balita,Oscar Oida,straight news,4/1/2014,http://www.gmanetwork.com/news/video/199004/unangbalita/ex-pba-player-na-si-bryan-gahol-patay-nang-madamay-sa-aksidente-sa-skyway,YES,"road crash incident(s), road crash follow-up report",#bryangahol,"Ex-PBA player na si Bryan Gahol, patay nang madamay sa aksidente sa Skyway",,,,,,,,,,,,,,,,,,,,yes,video,tagalog,2693,
gmanetwork,News to Go,Oscar Oida,straight news,4/1/2014,http://www.gmanetwork.com/news/video/199023/newstogo/ex-pba-player-na-si-bryan-gahol-patay-sa-aksidente-sa-slex,YES,"road crash incident(s), road crash follow-up report",#bryangahol,"Ex-PBA player na si Bryan Gahol, patay sa aksidente sa SLEX",,,,,,,,,,,,,,,,,,,,yes,video,tagalog,2694,
gmanetwork,News to Go,Howie Severino,straight news,4/1/2014,http://www.gmanetwork.com/news/video/199024/newstogo/panayam-kay-gen-maralit-ng-skyway-kaugnay-sa-nangyaring-aksidente-nitong-lunes,YES,"road crash incident(s), road crash follow-up report",#bryangahol,Panayam kay Gen. Maralit ng Skyway kaugnay sa nangyaring aksidente nitong Lunes,,,,,,,,,,,,,,,,,,,,yes,video,tagalog,2695,
gmanetwork,Unang Balita,Arnold Clavio,straight news,4/1/2014,http://www.gmanetwork.com/news/video/199005/unangbalita/panayam-kay-luisito-maralit-ng-skyway-kaugnay-sa-nangyaring-aksidente-kagabi,YES,"road crash incident(s), road crash follow-up report",#bryangahol,Panayam kay Luisito Maralit ng Skyway kaugnay sa nangyaring aksidente kagabi,,,,,,,,,,,,,,,,,,,,yes,video,tagalog,2696,
gmanetwork,QRT,John Consulta,straight news,4/3/2014,http://www.gmanetwork.com/news/video/199359/qrt/motorcycle-rider-at-angkas-niya-sugatan-sa-aksidente-sa-cavite,YES,road crash incident(s),,"Motorcycle rider at angkas niya, sugatan sa aksidente sa Cavite",1,Private use vehicle,Motorcycle,2,"ridergroup: motorcycle rider; gender: female; age: 24; injury: broken leg, arm and face stabbed by steel pole; medicalcondition: face, leg and arm require surgery / ridergroup: motorcycle passenger; gender: female; natureofinjury: thrown off motorcycle; injury: bruises / ",,,"Zulueta Street, Brgy. 61 A, Talong Cavite City",evening,"speeding, alcohol",liableparty: motorcycle driver; status: not indicated in the report,,,,,Installation of road signs and reflectors,vehicle users,,Uses CCTV footage,yes,video,tagalog,2697,
gmanetwork,News TV Live,Lia Ma√±alac Del Castillo,straight news,4/6/2014,http://www.gmanetwork.com/news/video/199582/newstvlive/mga-sugatan-sa-aksidente-sa-benguet-nananatili-pa-rin-sa-ospital,YES,road crash incident(s),#2killedinbenguet,"Mga sugatan sa aksidente sa Benguet, nananatili pa rin sa ospital",1,private use vehicle,car,5,ridergroup: pickup truck passenger; profession: OFW; hospital: Baguio General Hospital; *2 / ,2,,"Benguet, Itogon",,"speeding, driver error, loss of control",liableparty: driver; /,,,,,,vehicle users,,,yes,video,tagalog,2698,
gmanetwork,State of the Nation,Emil Sumangil,straight news,4/10/2014,http://www.gmanetwork.com/news/video/200213/stateofthenation/driver-ng-naaksidenteng-cargo-truck-sa-maynila-nailigtas-matapos-maipit,YES,road crash incident(s),,"Driver ng naaksidenteng cargo truck sa Maynila, nailigtas matapos maipit",2,commercial,truck,4,ridergroup: truck driver; / ridergroup: bystander; *3 /,,,"Metro Manila, Manila",,reckless driving,,,,,Police,,vehicle users,,mentioned new traffic ordinance banning trucks during the day,yes,video,tagalog,2699,
gmanetwork,QRT,Emil Sumangil,straight news,4/10/2014,http://www.gmanetwork.com/news/video/200176/qrt/kaanak-ng-mga-namatay-sa-aksidente-magsasampa-ng-reklamo,YES,road crash incident(s),,"Kaanak ng mga namatay sa aksidente, magsasampa ng reklamo",,,,,,,,,,,liableparty: bus operator; name: Jam Liner Bus; status: possible LTFRB suspension,,,,LTFRB,,transport sector leaders,,"3 people dead in a road crash in Candelaria, Quezon. No other details were mentioned.",yes,video,tagalog,2700,
gmanetwork,24 Oras,Mel Tiangco,straight news,4/10/2014,http://www.gmanetwork.com/news/video/200190/24oras/ltfrb-maaring-suspendihin-ang-jam-liner-dahil-sa-aksidente-sa-quezon,YES,"road crash incident(s), enforcement of existing laws/ordinances",,"LTFRB, maaring suspendihin ang Jam Liner dahil sa aksidente sa Quezon",2,"commerical, PUV","truck, bus",,,,,"Tiaong, Quezon",night,,liableparty: bus operator; name: Jam Liner Bus; status: possible LTFRB suspension,,,,LTFRB,,,,,yes,video,tagalog,2701,
gmanetwork,QRT,Kara David,straight news,4/10/2014,http://www.gmanetwork.com/news/video/200181/qrt/ltfrb-sinuspinde-ang-prangkisa-ng-corimba-express-matapos-masangkot-sa-aksidente,YES,"road crash incident(s), public transportation regulation, traffic enforcement and violations",#corimbabus,"LTFRB, sinuspinde ang prangkisa ng Corimba Express matapos masangkot sa aksidente",2,public,"bus, jeep",6,,,,"Metro Manila, Quezon City, Commonwealth",,,liableparty: bus operator; name: Corimba Bus;/,,,,LTFRB,road user education,,,LTFRB suspends franchise of bus company involved in Commonwealth road crash,yes,video,tagalog,2702,
gmanetwork,State of the Nation,Pia Arcangel,straight news,4/11/2014,http://www.gmanetwork.com/news/video/200371/stateofthenation/bilang-ng-namatay-sa-aksidente-sa-carcar-city-sa-cebu-umakyat-na-sa-9,YES,road crash incident(s),#9deadincarcar,"Bilang ng namatay sa aksidente sa Carcar City sa Cebu, umakyat na sa 9",1,commercial,truck,9,,,,"Carcar, Cebu",,,liableparty: truck driver; /,,,,,,,,,yes,video,tagalog,2703,
gmanetwork,State of the Nation,Tina Panganiban-Perez,In-depth or explanatory report,4/11/2014,http://www.gmanetwork.com/news/video/200375/stateofthenation/human-error-sanhi-ng-75-ng-mga-aksidente-sa-kalsada-ayon-sa-hpg,YES - multiple,"road crash incident(s), driver safety, road safety",,"Human error, sanhi ng 75% ng mga aksidente sa kalsada, ayon sa HPG",,,,,,,,,,,,,YES,Regional,"Highway Patrol Group, Automobile Association of the Philippines","driver education, improved vehicle maintenance",vehicle users,,,yes,video,tagalog,2704,
gmanetwork,24 Oras,Athena Imperial,straight news,4/14/2014,http://www.gmanetwork.com/news/video/200560/24oras/tatlong-magkakahiwalay-na-aksidente-nagpasikip-sa-daloy-ng-trapiko-sa-nlex,YES,"traffic congestion, road crash incident(s)",,"Tatlong magkakahiwalay na aksidente, nagpasikip sa daloy ng trapiko sa NLEX",,,,,,,,,,,,,,,,,,,"Report is about 3 different accidents, which led to NLEX traffic congestion",yes,video,tagalog,2705,
gmanetwork,Saksi,Arnold Clavio,straight news,4/15/2014,http://www.gmanetwork.com/news/video/200587/saksi/kabi-kabilang-aksidente-naitala-sa-nlex,YES,"road crash incident(s), reports on traffic congestion",,"Kabi-kabilang aksidente, naitala sa NLEX",2,"commercial, PUV","truck, jeepney",,,,,,,,,,,,,,,,Report mentions three separate accidents,yes,video,tagalog,2706,
gmanetwork,Unang Balita,Oscar Oida,straight news,4/15/2014,http://www.gmanetwork.com/news/video/200604/unangbalita/sasakyan-ng-pulis-naaksidente-sa-edsa-santolan-pulis-umaming-naka-idlip,YES,road crash incident(s),,"Sasakyan ng pulis, naaksidente sa EDSA-Santolan; pulis, umaming naka-idlip",1,private,van,,,,,"Metro Manila, San Juan, EDSA Santolan",night,"fatigue, speeding",liableparty: van driver; / ,,,,PNP,,,,,yes,video,tagalog,2707,
gmanetwork,State of the Nation,Jamie Santos,straight news,4/16/2014,http://www.gmanetwork.com/news/video/200894/stateofthenation/nalaglag-na-bahagi-ng-tower-crane-dahil-sa-aksidente-kahapon-hindi-pa-rin-naiaalis-sa-nlex,YES,"road crash incident(s), traffic congestion",,"Nalaglag na bahagi ng tower crane dahil sa aksidente kahapon, hindi pa rin naiaalis sa NLEX",,,,,,,,,,,,,,,,,,,,,video,tagalog,2708,
gmanetwork,Balita Pilipinas,Maki Pulido,straight news,4/16/2014,http://www.gmanetwork.com/news/video/200827/balitapilipinas/panayam-sa-opisyal-ng-lto-region-5-kaugnay-ng-aksidente-sa-libmanan,YES,road crash incident(s),#libmanan,Panayam sa opisyal ng LTO- Region 5 kaugnay ng aksidente sa Libmanan,,,,,,,,,,,,,,,,,,,Libmanan,yes,video,tagalog,2709,
gmanetwork,Saksi,Vicky Morales,straight news,4/17/2014,http://www.gmanetwork.com/news/video/200913/saksi/kabi-kabilang-aksidente-sa-biyahe-ngayong-miyerkules-santo,YES,road crash incident(s),,Kabi-kabilang aksidente sa biyahe ngayong Miyerkules Santo,2,"PUV, commercial","bus, truck",15,,5,ridergroup: bus passenger; age: 2; /,Camarines Sur,,,,,,,,,,,Report also metions two other accidents,yes,video,tagalog,2710,
gmanetwork,24 Oras,Steve Dailisan,straight news,4/22/2014,http://www.gmanetwork.com/news/video/201263/24oras/driver-ng-naaksidenteng-bus-suspendido-42-units-ng-victory-liner-sususpindihin-din,YES,"road crash incident(s), enforcement of existing laws/ordinances, road crash follow-up report",#victoryolongapo,"Driver ng naaksidenteng bus, suspendido; 42 units ng Victory Liner, sususpindihin din",1,commercial,va,40,ridergroup: bus passenger; name: Peter Yabut; age: 61; /,1,ridergroup: bystander; name: Guadalupe Walters; /,"Zambales, Olongapo City",,loss of brakes,liableparty: bus driver; name: Allan Bustos; bus company: Victory Liner; charge: Reckless impudence resulting in homicide; /,,,,,,transport operators,,,yes,video,tagalog,2711,
gmanetwork,Balitanghali,Steve Dailisan,straight news,4/23/2014,http://www.gmanetwork.com/news/video/201359/balitanghali/driver-ng-naaksidenteng-victory-liner-bus-sa-olongapo-sinuspinde,YES,"road crash incident(s), enforcement of existing laws/ordinances, road crash follow-up report",#victoryolongapo,"Driver ng naaksidenteng Victory Liner bus sa Olongapo, sinuspinde",1,commercial,bus,40,ridergroup: bus passenger; name: Peter Yabut; age: 61; /,1,ridergroup: bystander; name: Guadalupe Walters; /,Olongapo City,,loss of brakes,liableparty: bus driver; name: Allan Bustos; bus company: Victory Liner; charge: Reckless impudence resulting in homicide; /,,,,,,transport operators,,,yes,video,tagalog,2712,
gmanetwork,Alisto,Arnold Clavio,feature,4/27/2014,http://www.gmanetwork.com/news/video/201704/alisto/worst-skyway-accidents-on-alisto,YES - multiple,road crash incident(s),,Worst Skyway accidents on 'Alisto',,,,,,,,Skyway,,,,,,,,,,,AV is from the show Alisto and lists down the top road crashes in Skyway and Pasig.  The segment uses CCTV footage and has interviews with those involved in the crashes. ,yes,video,tagalog,2713,
gmanetwork,News TV Live,Isay Reyes,straight news,5/4/2014,http://www.gmanetwork.com/news/video/202537/newstvlive/naaksidenteng-jam-liner-bus-tumagilid-daw-matapos-masagi-ng-dltb-bus,YES,road crash incident(s),#jambusbatangas,"Naaksidenteng Jam Liner bus, tumagilid daw matapos masagi ng DLTB bus",,,,,,,,,,,,,,,,,,,,yes,video,tagalog,2714,
gmanetwork,QRT,Jiggy Manicad,straight news,5/5/2014,http://www.gmanetwork.com/news/video/202656/qrt/malvar-police-inaalam-kung-sino-ang-dapat-managot-sa-aksidente-sa-star-tollway,YES,"road crash incident(s), road crash follow-up report",#jambusbatangas,"Malvar police, inaalam kung sino ang dapat managot sa aksidente sa Star tollway",2,PUV,bus,46,ridergroup: bus passengers; *46 /,1,ridergroup: bus passenger; gender: female; age: 57; /,,,sideswiping,liableparty: bus driver; bus company: DLTB; status: surrendered; /,,,,PNP,,,,,yes,video,tagalog,2715,
gmanetwork,24 Oras,Ian Cruz,straight news,5/5/2014,http://www.gmanetwork.com/news/video/202670/24oras/mga-driver-ng-jam-liner-at-dltb-posibleng-makasuhan-sa-aksidente-sa-batangas,YES,"road crash incident(s), road crash follow-up report",#jambusbatangas,"Mga driver ng JAM Liner at DLTB, posibleng makasuhan sa aksidente sa Batangas",,,,46,ridergroup: bus passengers; *46 /,1,ridergroup: bus passenger; gender: female; age: 57; /,,,,liableparty: bus driver; bus company: Jam Liner; name: Mariano Maranan; charge: reckless imprudence resulting in homicide and multiple injuries; /,,,,,,,,,yes,video,tagalog,2716,
gmanetwork,QRT,Jiggy Manicad,straight news,5/9/2014,http://www.gmanetwork.com/news/video/203254/qrt/anim-sa-mga-sugatan-sa-aksidente-sa-laguna-naka-confine-pa-sa-ospital,YES,road crash incident(s),#lagunacrash,"Anim sa mga sugatan sa aksidente sa Laguna, naka-confine pa sa ospital",1,,truck,10,ridergroup: truck driver; injury: head injury; /,4,,,,,,,,,Laguna General Hospital,,,,,yes,video,tagalog,2717,
gmanetwork,Unang Balita,Vonne Aquino,straight news,5/9/2014,http://www.gmanetwork.com/news/video/203166/unangbalita/ex-army-na-si-pablo-martinez-na-nahatulang-guilty-sa-pagpatay-kay-ninoy-patay-sa-aksidente,YES,road crash incident(s),#pablomartinez,"Ex-Army na si Pablo Martinez na nahatulang guilty sa pagpatay kay Ninoy, patay sa aksidente",2,private,"car, bicycle",,,1,ridergroup: bicycle driver; name: Pablo Martinez; /,Roxas Boulevard,,,liableparty: SUV driver; /,,,,PNP,,,,,yes,video,tagalog,2718,
gmanetwork,QRT,Jiggy Manicad,straight news,5/9/2014,http://www.gmanetwork.com/news/video/203256/qrt/ilang-biktima-napinsala-ang-baga-dahil-sa-aksidente-sa-laguna,YES,road crash incident(s),#lagunacrash,"Ilang biktima, napinsala ang baga dahil sa aksidente sa Laguna",1,,truck,,ridergroup: truck foreman; injury: lung injury; /,,,,,,,,,,,,,,Interview with relative of foreman who was injured in the crash,yes,video,tagalog,2719,
gmanetwork,Balitanghali,Vonne Aquino,straight news,5/9/2014,http://www.gmanetwork.com/news/video/203205/balitanghali/pamilya-ni-pablo-martinez-di-naniniwalang-aksidente-ang-nangyari,YES,road crash incident(s),#pablomartinez,"Pamilya ni Pablo Martinez, 'di naniniwalang aksidente ang nangyari",2,private,"car, bicycle",,,1,ridergroup: bicycle driver; name: Pablo Martinez; /,Roxas Boulevard,,,liableparty: SUV driver; /,,,,PNP,,,,,yes,video,tagalog,2720,
gmanetwork,News to Go,Vonne Aquino,straight news,5/9/2014,http://www.gmanetwork.com/news/video/203193/newstogo/pamilya-ni-pablo-martinez-di-naniniwalang-aksidente-ang-pagkakasagasa-sa-kanya,YES,road crash incident(s),#pablomartinez,"Pamilya ni Pablo Martinez, 'di naniniwalang aksidente ang pagkakasagasa sa kanya",2,private,"car, bicycle",,,1,ridergroup: bicycle driver; name: Pablo Martinez; /,Roxas Boulevard,,,liableparty: SUV driver; /,,,,,,,,interview with the relatives of Pablo Martinez,yes,video,tagalog,2721,
gmanetwork,QRT,Jiggy Manicad,straight news,5/9/2014,http://www.gmanetwork.com/news/video/203253/qrt/truck-na-nahulog-sa-bangin-nasiraan-umano-ng-preno-bago-ma-aksidente,YES,road crash incident(s),#lagunacrash,"Truck na nahulog sa bangin, nasiraan umano ng preno bago ma-aksidente",1,,truck,10,,4,,,,mechanical failure,liableparty: truck driver; charge: reckless imprudence resulting in homicide and multiple injuries and damage to property;  /,,,,PNP,,,,,yes,video,tagalog,2722,
gmanetwork,Balitanghali,Jun Veneracion,straight news,5/11/2014,http://www.gmanetwork.com/news/video/203346/balitanghali/3-patay-14-sugatan-sa-aksidente-sa-daan-sa-ilocos-norte,YES,road crash incident(s),,"3 patay, 14 sugatan sa aksidente sa daan sa Ilocos Norte",1,public,bus,14,,3,,Ilocos Norte,,loss of control ,liableparty: bus driver; status: surrendered; /,,,,,,bus company,,,yes,video,tagalog,2723,
gmanetwork,Unang Balita,Oscar Oida,straight news,6/9/2014,http://www.gmanetwork.com/news/video/206646/unangbalita/tsuper-na-tinangkang-tumakas-sa-kinasangkutang-aksidente-sa-qc-ipinosas-sa-poste,YES,road crash incident(s),,"Tsuper na tinangkang tumakas sa kinasangkutang aksidente sa QC, ipinosas sa poste",2,"PUV, commercial","jeepney, truck",4,ridergroup: jeepney passenger; *4 /,,,Congressional Avenue,,disregard for traffic rules,liableparty: jeepney driver; /,,,,,,,,Jeepney operator did not know the jeepney driver who figured in the crash,yes,video,tagalog,2724,
gmanetwork,Balitanghali,Kara David,straight news,6/10/2014,http://www.gmanetwork.com/news/video/206856/balitanghali/4-accident-prone-areas-na-malapit-sa-mga-eskwelahan-natukoy,YES - multiple,road crash incident(s),,"4 accident-prone areas na malapit sa mga eskwelahan, natukoy",,,,,,,,,,,,YES,YES,City-wide,"Safe Kids, MMDA",,,,"Report identifies accident prone-zones near schools; stats c/o MMDA: 1328 kids na nasagasaan; in 2013, 16 pedestrians figured in crash daily",yes,video,tagalog,2725,
gmanetwork,Balitanghali,Katrina Son,straight news,6/13/2014,http://www.gmanetwork.com/news/video/207318/balitanghali/driver-ng-naaksidenteng-closed-van-sa-q-c-posible-raw-nakainom,YES,road crash incident(s),,"Driver ng naaksidenteng closed van sa Q.C., posible raw nakainom",1,commercial,truck,1,"ridergroup: truck driver; name: Eduardo Pacalso; age: 34; residence: Quezon City; / 
ridergroup: pedestrian; /",2,ridergroup: truck passenger; name: Bener Bagungol; age: 30; condition: dead on spot; profession: truck helper; / ridergroup: truck passenger: name: Jess Jurios; condition: dead on spot; profession: truck helper; /,,,"alcohol, slippery road",,,,,,,,,,yes,video,tagalog,2726,
gmanetwork,Balitanghali,Emil Sumangil,straight news,6/13/2014,http://www.gmanetwork.com/news/video/207309/balitanghali/driver-ng-naaksidenteng-truck-sa-valenzuela-iginiit-na-di-niya-alam-na-may-nakasagasa-siya,YES,road crash incident(s),,"Driver ng naaksidenteng truck sa Valenzuela, iginiit na 'di niya alam na may nakasagasa siya",2,"private, commercial","truck, motorcycle",,,1,ridergroup: motorcycle driver; name: Riza Abalos; age: 25; /,Valenzuela,,,liableparty: truck driver; / liableparty: truck passenger; /,,,,,,,,"Report used CCTV footage, which was also used in identifying the suspects",yes,video,tagalog,2727,
gmanetwork,State of the Nation,Cedric Castillo,news feature,6/16/2014,http://www.gmanetwork.com/news/video/207618/stateofthenation/pagpapanatili-ng-magandang-kundisyon-ng-sasakyan-iwas-aksidente-tuwing-umuulan,,"road crash incident(s), vehicle safety and maintenance, road user education",,"Pagpapanatili ng magandang kundisyon ng sasakyan, iwas aksidente tuwing umuulan",,,,,,,,,,,,,,,Michael Mercado (Driving Instructor),"road safety education, vehicle maintenance",vehicle users,advocating change,helpful how-to report on how to make sure your car is in good condition for the rainy season,YES,video,tagalog,2728,
gmanetwork,Balitanghali,Oscar Oida,straight news,6/16/2014,http://www.gmanetwork.com/news/video/207513/balitanghali/tatlo-sugatan-sa-aksidente-sa-qc,YES,road crash incident(s),,"Tatlo, sugatan sa aksidente sa QC",,private,"motorcycle, tricycle",3,"ridergroup: tricycle driver; gender: male/
ridergroup: motorcycle driver; gender: male; name: JB Garcia/
ridergroup: motorcycle passenger; gender: male; name: RJ/",,,"Corner of Cavite and Ilocos Sur streets, Barangay Ramon Magsaysay, Quezon City, Metro Manila",night,driver error,,,,,PNP,,vehicle users,,,YES,video,tagalog,2729,
gmanetwork,24 Oras,Kara David,In-depth or explanatory report,6/17/2014,http://www.gmanetwork.com/news/video/207764/24oras/ilang-accident-prone-area-malapit-sa-mga-eskwelahan,YES - multiple,"road crash incident(s), road safety, enforcement of existing laws/ordinances",#nearschools,"Ilang accident-prone area, malapit sa mga eskwelahan",,,,,,,,,,,,YES,YES,Regional,"MMDA, Safe Kids","Improvement of traffic enforcement, installation of road signs, improvement of infrastructure for pedestrians","vehicle users, government agencies, civil society",,This is a special report on road safety near and around school zones in Metro Manila. It sites statistics from the MMDA and identifies specific areas or sites where the number of road crash incidents are highest.,YES,video,tagalog,2730,
gmanetwork,News to Go,Kara David,In-depth or explanatory report,6/18/2014,http://www.gmanetwork.com/news/video/207837/newstogo/21-paaralan-malapit-sa-mga-accident-prone-area,YES - multiple,"road crash incident(s), road safety, enforcement of existing laws/ordinances",#nearschools,"21 paaralan, malapit sa mga accident-prone area",,,,,,,,,,,,YES,YES,Regional,"MMDA, Safe Kids","Improvement of traffic enforcement, installation of road signs, improvement of infrastructure for pedestrians","vehicle users, government agencies, civil society",,This is a special report on road safety near and around school zones in Metro Manila. It sites statistics from the MMDA and identifies specific areas or sites where the number of road crash incidents are highest.,YES,video,tagalog,2731,
gmanetwork,Unang Balita,Connie Sison,straight news,6/19/2014,http://www.gmanetwork.com/news/video/207973/unangbalita/truck-at-puv-naaksidente-sa-pasig,YES,road crash incident(s),,"Truck at PUV, naaksidente sa Pasig",2,"commercial vehicle, public vehicle","truck, PUV",,,,,"Metro Manila, Pasig City",morning,,,,,,,,,,,yes,video,tagalog,2732,
gmanetwork,Saksi,Kara David,In-depth or explanatory report,6/21/2014,http://www.gmanetwork.com/news/video/208228/saksi/21-paaralan-natukoy-na-nasa-apat-na-accident-prone-areas,YES - multiple,"road crash incident(s), road safety, enforcement of existing laws/ordinances",#nearschools,"21 paaralan, natukoy na nasa apat na accident-prone areas",,,,,,,,,,,,YES,YES,Regional,"MMDA, Safe Kids","Improvement of traffic enforcement, installation of road signs, improvement of infrastructure for pedestrians","vehicle users, government agencies, civil society",,This is a special report on road safety near and around school zones in Metro Manila. It sites statistics from the MMDA and identifies specific areas or sites where the number of road crash incidents are highest.,YES,video,tagalog,2733,
gmanetwork,Unang Balita,Athena Imperial,straight news,6/23/2014,http://www.gmanetwork.com/news/video/208332/unangbalita/2-sugatan-matapos-maaksidente-ang-isang-humaharurot-na-suv-sa-qc,YES,road crash incident(s),,"2, sugatan matapos maaksidente ang isang humaharurot na SUV sa QC",2,,"SUV, taxi",2,"ridergroup: passenger; /
ridergroup: bystander; /",,,"Metro Manila, Quezon City, North Fairview",12:00 AM,alcohol,liableparty: SUV driver; liability: reckless imprudence resulting in damage to property and multiple physical injureds; liability: violation of anti-drunk driving act; /,,,,,,,,Mention of Anti-Drunk Driving act,yes,video,tagalog,2734,ugc
gmanetwork,24 Oras,Mel Tiangco,straight news,6/30/2014,http://www.gmanetwork.com/news/video/209210/24oras/mga-biktima-ng-naaksidenteng-gv-florida-bus-dismayado-sa-pagbawi-ng-suspensyon-sa-kumpanya,YES,"road crash incident(s), road crash follow-up report, public transportation regulation",#bontocbustragedy,"Mga biktima ng naaksidenteng GV Florida bus, dismayado sa pagbawi ng suspensyon sa kumpanya",,,,,,,,,,,,,,,,,,,,yes,video,tagalog,2735,
gmanetwork,State of the Nation,Dano Tingcungco,In-depth or explanatory report,7/7/2014,http://www.gmanetwork.com/news/video/210064/stateofthenation/paggamit-ng-cellphone-habang-nagmamaneho-sanhi-ng-maraming-aksidente-mmda,YES - multiple,"road crash incident(s), enforcement of existing laws/ordinances",#phoneuse,"Paggamit ng cellphone habang nagmamaneho, sanhi ng maraming aksidente - MMDA",,,,,,,,,,Mobile Phone use while driving,,YES,YES,Regional,MMDA,"installation of CCTV cameras, improvement of traffic enforcement",vehicle users,,This is a report about the link between mobile phone use among motorists and road crash incidents. Statistics about human error as the leading cause of road crashes were also presented briefly. ,YES,video,tagalog,2736,
gmanetwork,Balitanghali,Dano Tingcungco,In-depth or explanatory report,7/8/2014,http://www.gmanetwork.com/news/video/210142/balitanghali/mmda-pagte-text-habang-nagmamaneho-sanhi-ng-maraming-aksidente-sa-kalsada,YES - multiple,"road crash incident(s), enforcement of existing laws/ordinances",#phoneuse,"MMDA: Pagte-text habang nagmamaneho, sanhi ng maraming aksidente sa kalsada",,,,,,,,,,Mobile Phone use while driving,,YES,YES,Regional,MMDA,"installation of CCTV cameras, improvement of traffic enforcement",vehicle users,,This is a report about the link between mobile phone use among motorists and road crash incidents. Statistics about human error as the leading cause of road crashes were also presented briefly. ,YES,video,tagalog,2737,
gmanetwork,Saksi,Hadji Rieta,straight news,7/10/2014,http://www.gmanetwork.com/news/video/210374/saksi/sitwasyon-ng-mga-sugatan-sa-aksidente-sa-marikina,YES,road crash incident(s),,Sitwasyon ng mga sugatan sa aksidente sa Marikina,18,private,"van, motorcycle",6,,,,"Metro Manila, Marikina City, Marcos Highway",,loss of control,,,,,PNP,,,,,yes,video,tagalog,2738,
gmanetwork,24 Oras,Cesar Apolinario,straight news,7/11/2014,http://www.gmanetwork.com/news/video/210650/24oras/ilang-taxi-driver-na-sangkot-sa-aksidente-inaantok-daw-o-naghahabol-ng-boundary,YES - multiple,road crash incident(s),#taxidrivers,"Ilang taxi driver na sangkot sa aksidente, inaantok daw o naghahabol ng boundary",,,,,,,,,,,,,,,,,,,,,video,tagalog,2739,
gmanetwork,Balitanghali,Cesar Apolinario,straight news,7/12/2014,http://www.gmanetwork.com/news/video/210695/balitanghali/kabi-kabilang-aksidenteng-kinasasangkutan-ng-mga-taxi-driver-kuha-sa-cctv,YES - multiple,road crash incident(s),#taxidrivers,"Kabi-kabilang aksidenteng kinasasangkutan ng mga taxi driver, kuha sa CCTV",,,,,,,,,,,,,,,,,,,,,video,tagalog,2740,cctv
gmanetwork,Balitanghali,JP Soriano,straight news,7/23/2014,http://www.gmanetwork.com/news/video/211877/balitanghali/pnp-ilang-aksidente-at-krimen-kinasasangkutan-ng-mga-nakainom,YES - multiple,road crash incident(s),,"PNP: Ilang aksidente at krimen, kinasasangkutan ng mga nakainom",,,,,,,,,,,,,,,,,,,,,video,tagalog,2741,
gmanetwork,Balitanghali,Vicky Morales,straight news,8/2/2014,http://www.gmanetwork.com/news/video/213066/balitanghali/limang-sasakyan-nagkarambola-truck-driver-na-sanhi-umano-ng-aksidente-tumakas,YES,road crash incident(s),,"Limang sasakyan, nagkarambola; truck driver na sanhi umano ng aksidente, tumakas",5,commercial,"truck, taxi, car",2,"ridergroup: taxi passenger; gender: female; / 
ridergroup: taxi driver; gender: male; / ",,,"Metro Manila, Pasig City, C5",10:00 PM,"loss of brakes, speeding",liableparty: truck driver; liability: reckless imprudence resulting in multiple physical injury; /,,,,,,,,,yes,video,tagalog,2742,
gmanetwork,Balitanghali,Jay Sabale,straight news,8/4/2014,http://www.gmanetwork.com/news/video/213200/balitanghali/1-patay-7-sugatan-sa-isang-aksidente-sa-c5-kalayaan-southbound,YES,road crash incident(s),#8vehiclesC5,"1 patay, 7 sugatan sa isang aksidente sa C5 Kalayaan southbound",8,commercial,"truck, taxi, AUV, car",7,"ridergroup: driver; gender: male;/
gender: male * 6/",1,ridergroup: passenger; profession: truck helper; gender: male; name: Richard Parato; other: one of 5 siblings; /,"Metro Manila, Makati City, C5 Kalayaan Southbound",,,,,,,,,,,,yes,video,tagalog,2743,
gmanetwork,24 Oras,Mike Enriquez,straight news,8/4/2014,http://www.gmanetwork.com/news/video/213257/24oras/50-aksidente-sa-kalsada-naitala-sa-metro-manila-mula-6-a-m-2-p-m,YES - multiple,road crash incident(s),,"50 aksidente sa kalsada, naitala sa Metro Manila mula 6 a.m. - 2 p.m.",,,"AUV, motorcycle, truck",,,,,Metro Manila,,,,,,,,,,,very short summary of various accidents,yes,video,tagalog,2744,
gmanetwork,State of the Nation,Tricia Zafra,straight news,8/4/2014,http://www.gmanetwork.com/news/video/213281/stateofthenation/kabilaang-aksidente-sa-metro-manila-nagdulot-ng-matinding-traffic,YES - multiple,"road crash incident(s), traffic congestion",#8vehiclesC5,"Kabilaang aksidente sa Metro Manila, nagdulot ng matinding traffic",8,commercial,"truck, taxi, AUV, car",7,,1,,"Metro Manila, C5",3:00 AM,"slippery roads, bad weather",,YES,YES,"Regional, daily",MMDA,,,,Report on above-average number of accidents occuring in an 8-hour period that day but led with a follow-up report on an accident that happened earlier affecting 8 vehicles,yes,video,tagalog,2745,
gmanetwork,State of the Nation,Dano Tingcungco,in-depth or explanatory report,8/4/2014,http://www.gmanetwork.com/news/video/213282/stateofthenation/matinding-buhos-ng-ulan-at-mabigat-na-traffic-kadalasang-sanhi-ng-mga-aksidente,YES - multiple,"road crash incident(s), traffic congestion",,"Matinding buhos ng ulan at mabigat na traffic, kadalasang sanhi ng mga aksidente",,,,,,1,,Metro Manila,,"slippery roads, bad weather, poor visibility, worn out tires, volume of vehicles",,,YES,"Regional, daily, seasonal",MMDA,"vehicle safety and maintenance, road user education",vehicle users,call to action,Discussed relationship between rainy weather and accidents; Discussed above-average number of accidents; Specific tips on checking car safety during bad weather; Note: It's a 10 minute report!,yes,video,tagalog,2746,
gmanetwork,News to Go,Kara David,straight news,8/5/2014,http://www.gmanetwork.com/news/video/213340/newstogo/bilang-ng-mga-naaaksidenteng-truck-araw-araw-dumarami,YES - multiple,road crash incident(s),,"Bilang ng mga naaaksidenteng truck araw-araw, dumarami",,,,,,,,,,,,,YES,Regional,GMA News Research,,,,This is a report that provides context on recent road crashes involving trucks. ,yes,video,tagalog,2747,
gmanetwork,QRT,,straight news,8/13/2014,http://www.gmanetwork.com/news/video/214315/qrt/daloy-ng-trapiko-sa-roxas-blvd-apektado-ng-aksidente-sa-mrt,,"public transportation infrastructure, MRT",#mrtcrash,"Daloy ng trapiko sa Roxas Blvd., apektado ng aksidente sa MRT",,,,,,,,,,,,,,,,,,,,,video,tagalog,2748,
gmanetwork,24 Oras,Chino Gaston,straight news,8/13/2014,http://www.gmanetwork.com/news/video/214332/24oras/matinding-traffic-idinulot-ng-aksidente-sa-mrt,,"public transportation infrastructure, MRT",#mrtcrash,"Matinding traffic, idinulot ng aksidente sa MRT",,,,,,,,,,,,,,,,,,,,,video,tagalog,2749,
gmanetwork,QRT,Lei Alviz,straight news,8/13/2014,http://www.gmanetwork.com/news/video/214312/qrt/panayam-kay-atty-francis-tolentino-kaugnay-ng-aksidente-sa-mrt,,"public transportation infrastructure, MRT, traffic congestion advisory, commuter welfare",#mrtcrash,"Panayam kay Atty. Francis Tolentino, kaugnay ng aksidente sa MRT",,,,,,,,,,,,,,,MMDA,,,,This report is one of the first reports of the MRT crash where no less than 8 passengers were injured and brought to the hospital.,yes,video,tagalog,2750,
gmanetwork,State of the Nation,Jessica Soho,straight news,8/13/2014,http://www.gmanetwork.com/news/video/214343/stateofthenation/panayam-kay-atty-hernando-cabrera-kaugnay-ng-aksidente-sa-mrt,,"public transportation infrastructure, MRT, traffic congestion advisory, commuter welfare",#mrtcrash,"Panayam kay Atty. Hernando Cabrera, kaugnay ng aksidente sa MRT",,,,,,,,,,,,,,,,,,,,,video,tagalog,2751,
gmanetwork,QRT,Lei Alviz,straight news,8/13/2014,http://www.gmanetwork.com/news/video/214313/qrt/panayam-kay-atty-hernando-cabrera-kaugnay-ng-aksidente-sa-mrt,,"public transportation infrastructure, MRT, traffic congestion advisory, commuter welfare",#mrtcrash,"Panayam kay Atty. Hernando Cabrera, kaugnay ng aksidente sa MRT",,,,,,,,,,,,,,,,,,,,,video,tagalog,2752,
gmanetwork,News to Go,Howie Severino Kara David,straight news,8/14/2014,http://www.gmanetwork.com/news/video/214385/newstogo/2-makinista-ng-naaksidenteng-mrt-train-hindi-pa-rin-sumusuko,,"public transportation infrastructure, MRT, traffic congestion advisory, commuter welfare",#mrtcrash,"2 makinista ng naaksidenteng MRT train, hindi pa rin sumusuko",,,,,,,,,,,,,,,,,,,,,video,tagalog,2753,
gmanetwork,24 Oras,Steve Dailisan,straight news,8/14/2014,http://www.gmanetwork.com/news/video/214440/24oras/dotc-bukod-sa-problema-sa-makina-maari-ring-nagka-human-error-sa-aksidente-sa-mrt,,"public transportation infrastructure, MRT, traffic congestion advisory, commuter welfare",#mrtcrash,"DOTC: Bukod sa problema sa makina, maari ring nagka-human error sa aksidente sa MRT",,,,,,,,,,,,,,,,,,,,,video,tagalog,2754,
gmanetwork,Balitanghali,Pia Arcangel,straight news,8/14/2014,http://www.gmanetwork.com/news/video/214398/balitanghali/ilang-sugatan-sa-aksidente-sa-mrt-nakalabas-na-ng-opistal,,"public transportation infrastructure, MRT, traffic congestion advisory, commuter welfare",#mrtcrash,"Ilang sugatan sa aksidente sa MRT, nakalabas na ng opistal",,,,,,,,,,,,,,,,,,,,,video,tagalog,2755,
gmanetwork,QRT,Jiggy Manicad,straight news,8/14/2014,http://www.gmanetwork.com/news/video/214430/qrt/karamihan-sa-mga-pasaherong-na-aksidente-sa-mrt-nakalabas-na-ng-ospital,,"public transportation infrastructure, MRT, traffic congestion advisory, commuter welfare",#mrtcrash,"Karamihan sa mga pasaherong na-aksidente sa MRT, nakalabas na ng ospital",,,,,,,,,,,,,,,,,,,,,video,tagalog,2756,
gmanetwork,Unang Balita,Susan Enriquez,straight news,8/14/2014,http://www.gmanetwork.com/news/video/214377/unangbalita/mga-nagpapatakbo-ng-naaksidenteng-tren-ng-mrt-wala-pa-ring-pahayag,,"public transportation infrastructure, MRT, traffic congestion advisory, commuter welfare",#mrtcrash,"Mga nagpapatakbo ng naaksidenteng tren ng MRT, wala pa ring pahayag",,,,,,,,,,,,,,,,,,,,,video,tagalog,2757,
gmanetwork,Balitanghali,Lei Alviz,straight news,8/14/2014,http://www.gmanetwork.com/news/video/214392/balitanghali/naaksidenteng-bagon-ng-mrt-hindi-pa-naaalis,,"public transportation infrastructure, MRT, traffic congestion advisory, commuter welfare",#mrtcrash,"Naaksidenteng bagon ng MRT, hindi pa naaalis",,,,,,,,,,,,,,,MRT,,,,This is a follow up on the MRT crash story. ,yes,video,tagalog,2758,
gmanetwork,News to Go,Lei Alviz Kara David Howie Severino,straight news,8/14/2014,http://www.gmanetwork.com/news/video/214383/newstogo/naaksidenteng-bagon-ng-mrt-hindi-pa-rin-naaalis,,"public transportation infrastructure, MRT, traffic congestion advisory, commuter welfare",#mrtcrash,"Naaksidenteng bagon ng MRT, hindi pa rin naaalis",,,,,,,,,,,,,,,MRT,review of MRT safety procedures,,,This report is a follow up on the MRT train that was derailed along EDSA Taft.  ,yes,video,tagalog,2759,
gmanetwork,Balitanghali,Raffy Tima,straight news,8/14/2014,http://www.gmanetwork.com/news/video/214404/balitanghali/press-conference-ng-dotc-kaugnay-ng-aksidente-sa-mrt,,"public transportation infrastructure, MRT, traffic congestion advisory, commuter welfare",#mrtcrash,Press conference ng DOTC kaugnay ng aksidente sa MRT,,,,,,,,,,,,,,,,,,,,,video,tagalog,2760,
gmanetwork,24 Oras,Susan Enriquez,straight news,8/14/2014,http://www.gmanetwork.com/news/video/214441/24oras/sa-kabila-ng-aksidente-marami-pa-ring-sumasakay-sa-mrt,,"public transportation infrastructure, MRT, traffic congestion advisory, commuter welfare",#mrtcrash,"Sa kabila ng aksidente, marami pa ring sumasakay sa MRT",,,,,,,,,,,,,,,,,,,,,video,tagalog,2761,
gmanetwork,Balitanghali,Cedric Castillo,straight news,8/15/2014,http://www.gmanetwork.com/news/video/214510/balitanghali/mga-pasahero-dagsa-pa-rin-sa-kabila-ng-aksidente-sa-mrt-nitong-miyerkules,,"public transportation infrastructure, MRT, traffic congestion advisory, commuter welfare",#mrtcrash,"Mga pasahero, dagsa pa rin sa kabila ng aksidente sa MRT nitong Miyerkules",,,,,,,,,,,,,,,,,,,,,video,tagalog,2762,
gmanetwork,Balitanghali,Victoria Tulad,straight news,8/15/2014,http://www.gmanetwork.com/news/video/214507/balitanghali/naaksidenteng-bagon-ng-mrt-naialis-na,,"public transportation infrastructure, MRT, traffic congestion advisory, commuter welfare",#mrtcrash,"Naaksidenteng bagon ng MRT, naialis na",,,,,,,,,,,,,,,,,,,,,video,tagalog,2763,
gmanetwork,News to Go,Victoria Tulad,straight news,8/15/2014,http://www.gmanetwork.com/news/video/214487/newstogo/naaksidenteng-bagon-ng-mrt-natanggal-na,,"public transportation infrastructure, MRT, traffic congestion advisory, commuter welfare",#mrtcrash,"Naaksidenteng bagon ng MRT, natanggal na",,,,,,,,,,,,,,,MMDA,,,,,,video,tagalog,2764,
gmanetwork,Unang Balita,Victoria Tulad,straight news,8/15/2014,http://www.gmanetwork.com/news/video/214475/unangbalita/naaksidenteng-bagon-ng-mrt-natanggal-na,,"public transportation infrastructure, MRT, traffic congestion advisory, commuter welfare",#mrtcrash,"Naaksidenteng bagon ng MRT, natanggal na",,,,,,,,,,,,,,,,,,,,,video,tagalog,2765,
gmanetwork,24 Oras,Mel Tiangco,straight news,8/15/2014,http://www.gmanetwork.com/news/video/214563/24oras/nadiskaril-na-tren-ng-mrt-naialis-na-imbestigasyon-sa-aksidente-halos-tapos-na,,"public transportation infrastructure, MRT, traffic congestion advisory, commuter welfare",#mrtcrash,"Nadiskaril na tren ng MRT, naialis na; imbestigasyon sa aksidente, halos tapos na",,,,,,,,,,,,,,,MMDA,,,,Follow up on MRT story,yes,video,tagalog,2766,
gmanetwork,News to Go,Ivan Mayrina,straight news,8/15/2014,http://www.gmanetwork.com/news/video/214488/newstogo/pasahero-ng-naaksidenteng-bagon-ng-mrt-inakalang-katapusan-na-niya-ang-nangyari,,"public transportation infrastructure, MRT, traffic congestion advisory, commuter welfare",#mrtcrash,"Pasahero ng naaksidenteng bagon ng MRT, inakalang katapusan na niya ang nangyari",,,,,,,,,,,,,,,,,,,,,video,tagalog,2767,
gmanetwork,Balitanghali,Mariz Umali,straight news,8/17/2014,http://www.gmanetwork.com/news/video/214633/balitanghali/malaca-ang-umaasang-matatapos-sa-martes-ang-imbestigasyon-sa-aksidente-sa-mrt,,"public transportation infrastructure, MRT, traffic congestion advisory, commuter welfare",#mrtcrash,"Malacaang, umaasang matatapos sa Martes ang imbestigasyon sa aksidente sa MRT",,,,,,,,,,,,,,,,,,,,,video,tagalog,2768,
gmanetwork,QRT,Jun Veneracion,straight news,8/18/2014,http://www.gmanetwork.com/news/video/214769/qrt/imbestigasyon-ng-dotc-kaugnay-sa-aksidente-sa-mrt-noong-nakaraang-linggo-tapos-na,,"public transportation infrastructure, MRT, traffic congestion advisory, commuter welfare",#mrtcrash,"Imbestigasyon ng DOTC kaugnay sa aksidente sa MRT noong nakaraang linggo, tapos na",,,,,,,,,,,,,,,,,,,,,video,tagalog,2769,
gmanetwork,State of the Nation,Jun Veneracion,straight news,8/19/2014,http://www.gmanetwork.com/news/video/214954/stateofthenation/human-error-sanhi-ng-aksidente-sa-mrt-noong-nakraang-miyerkules,,"public transportation infrastructure, MRT, traffic congestion advisory, commuter welfare",#mrtcrash,"Human error, sanhi ng aksidente sa MRT noong nakraang Miyerkules",,,,,,,,,,,,,,,,,,,,,video,tagalog,2770,
gmanetwork,Unang Balita,Rhea Santos,straight news,8/19/2014,http://www.gmanetwork.com/news/video/214839/unangbalita/palasyo-tiniyak-na-may-mananagot-sa-aksidente-ng-mrt-noong-isang-linggo,,"public transportation infrastructure, MRT, traffic congestion advisory, commuter welfare",#mrtcrash,"Palasyo, tiniyak na may mananagot sa aksidente ng MRT noong isang linggo",,,,,,,,,,,,,,,Malacanang,,,,This is a follow up on the MRT crash story. ,yes,video,tagalog,2771,
gmanetwork,News to Go,Kara David,straight news,8/20/2014,http://www.gmanetwork.com/news/video/215009/newstogo/human-error-itinuturong-dahilan-ng-aksidente-sa-mrt,,"public transportation infrastructure, MRT, traffic congestion advisory, commuter welfare",#mrtcrash,"Human error, itinuturong dahilan ng aksidente sa MRT",,,,,,,,,,,,,,,,,,,,,video,tagalog,2772,
gmanetwork,24 Oras,Mike Enriquez,straight news,8/22/2014,http://www.gmanetwork.com/news/video/215384/24oras/22-baboy-patay-sa-aksidente-sa-bukidnon,YES,road crash incident(s),#fieldtripcrash,"22 baboy, patay sa aksidente sa Bukidnon",,,,,,,,,,,,,,,,,,,,yes,video,tagalog,2773,
gmanetwork,Balitanghali,Marisol Abdurahman,straight news,8/22/2014,http://www.gmanetwork.com/news/video/215314/balitanghali/ilang-field-trip-nauwi-sa-aksidenteng-ikinasawi-ng-ilang-estudyante,YES,road crash incident(s),#fieldtripcrash,"Ilang field trip, nauwi sa aksidenteng ikinasawi ng ilang estudyante",,,,,,,,,,,,,,,,,,,,yes,video,tagalog,2774,
gmanetwork,Unang Balita,Rhea Santos Gaby Concepcion,straight news,8/22/2014,http://www.gmanetwork.com/news/video/215288/unangbalita/pagpirma-sa-waiver-dahilan-nga-ba-para-ma-excuse-ang-eskwelahan-sa-pananagutan-sa-mga-aksidente-sa-field-trip,YES,road crash incident(s),#fieldtripcrash,"Pagpirma sa waiver, dahilan nga ba para ma-excuse ang eskwelahan sa pananagutan sa mga aksidente sa field trip?",,,,,,,,,,,,,,,,,,,,yes,video,tagalog,2775,
gmanetwork,Balita Pilipinas,,straight news,9/4/2014,http://www.gmanetwork.com/news/video/216809/balitapilipinas/2-pulgadang-kawayan-nakita-sa-loob-ng-tinahing-sugat-ng-lalaking-naaksidente,YES,road crash incident(s),,"2 pulgadang kawayan, nakita sa loob ng tinahing sugat ng lalaking naaksidente",1,private,motorcycle,1,,,,"Western Visayas, Guimaras, Buenavista",,,,,,,,,,,,yes,video,tagalog,2776,
gmanetwork,QRT,Vonne Aquino,straight news,9/10/2014,http://www.gmanetwork.com/news/video/217467/qrt/13-katao-patay-sa-aksidente-sa-benguet,YES,road crash incident(s),#13deadbenguet,"13 katao, patay sa aksidente sa Benguet",,,,,,,,,,,,,,,,,,,,yes,video,tagalog,2777,
gmanetwork,QRT,Jiggy Manicad,straight news,9/10/2014,http://www.gmanetwork.com/news/video/217469/qrt/human-error-tinitingnang-sanhi-ng-aksidente-sa-benguet-na-ikinasawi-ng-13-katao,YES,road crash incident(s),#13deadbenguet,"Human error, tinitingnang sanhi ng aksidente sa Benguet na ikinasawi ng 13 katao",,,,,,,,,,,,,,,,,,,,yes,video,tagalog,2778,
gmanetwork,QRT,Jiggy Manicad,straight news,9/11/2014,http://www.gmanetwork.com/news/video/217580/qrt/pamilya-t-kaklase-ng-13-na-namatay-sa-aksidente-sa-benguet-patuloy-na-nagluluksa,YES,road crash incident(s),#13deadbenguet,"Pamilya't kaklase ng 13 na namatay sa aksidente sa Benguet, patuloy na nagluluksa",,,,,,,,,,,,,,,,,,,,yes,video,tagalog,2779,
gmanetwork,24 Oras,Katrina Son,straight news,9/13/2014,http://www.gmanetwork.com/news/video/217808/24oras/ilang-aksidente-sa-katipunan-ave-isinisi-sa-bagong-sistema-sa-trapiko-roon,YES,"road crash incident(s), traffic congestion",,"Ilang aksidente sa Katipunan Ave., isinisi sa bagong sistema sa trapiko roon",2,private,"motorcycle, van",,,,,"Metro Manila, Quezon City, Katipunan Avenue",2:00 PM,,,,,,MMDA,,,,,yes,video,tagalog,2780,
gmanetwork,24 Oras,Lei Alviz,straight news,9/13/2014,http://www.gmanetwork.com/news/video/217807/24oras/ilang-nagmo-motorsiklo-naaksidente-dahil-sa-mga-bagong-stoplight-sa-katipunan-ave,YES,"road crash incident(s), traffic congestion advisory, traffic enforcement",,"Ilang nagmo-motorsiklo, naaksidente dahil sa mga bagong stoplight sa Katipunan Ave.",2,Private use vehicle,Motorcycle,1,ridergroup: motorcycle rider; injury: leg injury /,,,"Katipunan Avenue, Quezon City",Morning,new traffic flow,,YES,,,MMDA,new signal light traffic system,,,,yes,video,tagalog,2781,
gmanetwork,24 Oras,Mike Enriquez,straight news,9/16/2014,http://www.gmanetwork.com/news/video/218150/24oras/naaksidenteng-motorsiklo-habang-umaambon-na-huli-cam,YES,road crash incident(s),,"Naaksidenteng motorsiklo habang umaambon, na-huli cam",2,private,"motorcycle, SUV",,,,,Metro Manila,,"slippery road, bad weather, reckless driving, overtaking",,,,,,,,,,yes,video,tagalog,2782,cctv
gmanetwork,Unang Balita,Arnold Clavio,straight news,10/3/2014,http://www.gmanetwork.com/news/video/220207/unangbalita/dahilan-ng-2-aksidente-sa-nlex-iniimbestigahan-pa,YES - multiple,"road crash incident(s), traffic congestion",,"Dahilan ng 2 aksidente sa NLEX, iniimbestigahan pa",4,,,,,,,"Pampanga, San Simon, NLEX",,,,,,,NLEX Management,,,,,yes,video,tagalog,2783,
gmanetwork,News TV Live,Lia Maalac Del Castillo,straight news,10/5/2014,http://www.gmanetwork.com/news/video/220393/newstvlive/3-patay-sa-aksidente-sa-pampasaherong-bus-sa-albay,YES,road crash incident(s),#albaybus,"3 patay, sa aksidente sa pampasaherong bus sa Albay",,,,,,,,,,,,,,,,,,,,yes,video,tagalog,2784,
gmanetwork,Unang Balita,Chino Gaston,straight news,10/6/2014,http://www.gmanetwork.com/news/video/220432/unangbalita/4-patay-30-sugatan-sa-aksidente-ng-bus-sa-daraga-albay,YES,road crash incident(s),#albaybus,"4 patay, 30 sugatan sa aksidente ng bus sa Daraga, Albay",,,,,,,,,,,,,,,,,,,,yes,video,tagalog,2785,
gmanetwork,News to Go,Chino Gaston Howie Severino,straight news,10/6/2014,http://www.gmanetwork.com/news/video/220455/newstogo/bus-na-naaksidente-sa-daraga-albay-wala-sa-kondisyon-at-wala-ring-plaka,YES,road crash incident(s),#albaybus,"Bus na naaksidente sa Daraga, Albay, wala sa kondisyon at wala ring plaka",,,,,,,,,,,,,,,,,,,,yes,video,tagalog,2786,
gmanetwork,Balita Pilipinas,Mark Salazar,straight news,10/6/2014,http://www.gmanetwork.com/news/video/220516/balitapilipinas/naaksidenteng-bus-sa-albay-kung-saan-4-ang-namatay-may-prangkisa-ayon-sa-ltfrb,YES,road crash incident(s),#albaybus,"Naaksidenteng bus sa Albay kung saan 4 ang namatay, may prangkisa, ayon sa LTFRB",,,,,,,,,,,,,,,,,,,,yes,video,tagalog,2787,
gmanetwork,24 Oras,Vonne Aquino,straight news,10/11/2014,http://www.gmanetwork.com/news/video/221201/24oras/pulis-naaksidente-nang-maidlip-habang-nagmamaneho-sa-quezon-city,YES,road crash incident(s),,"Pulis, naaksidente nang maidlip habang nagmamaneho sa Quezon City",2,"private, commercial","van, truck",1,ridergroup: rider; profession: police; name: Jun Tabili; /,,,"Metro Manila, Quezon City, Eastbound Mindanao Avenue",1:00 AM,fatigue,liableparty: van driver; liability: reckless imprudence resulting to damage to property/,,,,,,,,,yes,video,tagalog,2788,
gmanetwork,State of the Nation,Bam Alegre,"feature, in depth",10/21/2014,http://www.gmanetwork.com/news/video/222390/stateofthenation/mahigit-7-000-aksidente-sa-edsa-naitala-ng-mmda-noong-2013,YES - multiple,road crash incident(s),,"Mahigit 7,000 aksidente sa EDSA, naitala ng MMDA noong 2013",,,,,,,,,,,,YES,YES,"specific road (EDSA, Commonwealth)",MMDA,,,,"MMDA confirms that there are more fatalities/crashes on EDSA vs ""killer highway"" Commonwealth",yes,video,tagalog,2789,
gmanetwork,News to Go,Valerie Tan,straight news,10/24/2014,http://www.gmanetwork.com/news/video/222691/newstogo/children-s-road-safety-park-itinayo-ng-mmda-sa-maynila,,"road crash incident(s), road safety, road user education",,"Children's road safety park, itinayo ng MMDA sa Maynila",,,,,,,,,,,,,,,,,,,,,video,tagalog,2790,
gmanetwork,Balita Pilipinas,Athena Imperial,straight news,10/28/2014,http://www.gmanetwork.com/news/video/223105/balitapilipinas/truck-at-2-closed-van-nagkarambola-aksidente-isinisi-sa-madulas-na-kalsada,YES,road crash incident(s),,"Truck at 2 closed van, nagkarambola; aksidente, isinisi sa madulas na kalsada",3,commercial,truck,,,,,"Metro Manila, Quezon City, Katipunan Flyover",10:00 PM,"slippery road, bad weather, loss of brakes",,,,,,,,,,yes,video,tagalog,2791,
gmanetwork,State of the Nation,Ruth Cabal,straight news,10/31/2014,http://www.gmanetwork.com/news/video/223592/stateofthenation/daloy-ng-trapik-bumigat-sa-bungad-ng-nlex-dahil-sa-aksidente-sa-balintawak-at-event-sa-phl-arena,YES,"traffic congestion, road crash incident(s)",,"Daloy ng trapik, bumigat sa bungad ng NLEX dahil sa aksidente sa Balintawak at event sa PHL Arena",8,,,,,,,NLEX Balintawak,,,,,YES,Specific road (NLEX) ,NLEX,,,,Statistics mentioned: 10-15 percent increase in number of vehicles on NleX,yes,video,tagalog,2792,
gmanetwork,Unang Balita,Connie Sison Gaby Concepcion,straight news,11/5/2014,http://www.gmanetwork.com/news/video/224083/unangbalita/operator-ng-2-school-service-na-naaksidente-sa-qc-pinagpapaliwanag-ng-ltfrb,YES,"road crash incident(s), public transportation regulation, traffic enforcement and violations",#xavierschoolbus,"Operator ng 2 school service na naaksidente sa QC, pinagpapaliwanag ng LTFRB",,,,,,,,,,,,YES,,,LTFRB,,transport sector leaders,,This report provides legal perspective and commentary on a road crash involving two school buses in Quezon City that left 9 people injured. Atty. Gaby Concepcion talks about provision of Article 1759 of the Civil Code and the need for the school bus operators to prove they took measures to ensure the safety of their passengers.,yes,video,tagalog,2793,
gmanetwork,Balita Pilipinas,,straight news,11/7/2014,http://www.gmanetwork.com/news/video/224454/balitapilipinas/buntis-patay-matapos-maaksidente-ang-sinasakyang-tricycle-sa-bacolod-city,YES,road crash incident(s) ,,"Buntis, patay matapos maaksidente ang sinasakyang tricycle sa Bacolod City",1,PUV,tricycle,,,1,ridergroup: tricycle passenger; gender: female; condition: dead on arrival; others: pregnant;  / ,"Bago City, Negros Occidental",,,liableparty: tricycle driver; status: at large; /,,,,PNP,,,,,yes,video,tagalog,2794,
gmanetwork,Saksi,Pia Arcangel Arnold Clavio,straight news,11/12/2014,http://www.gmanetwork.com/news/video/224890/saksi/iiang-aksidente-narespondehan-dahil-sa-kuha-ng-cctv,YES,"road crash incident(s), CCTV camera",,"IIang aksidente, narespondehan dahil sa kuha ng CCTV",1,Commercial,motorcycle,2,ridergroup: pedestrian; / ridergroup: motorcycle driver; /,,,"Scout Madrinan, Quezon City",,,,,,,,,,,The AV has two reports based on two different CCTV footage; other one is about a truck that hit a pedestrian in Mandaluyong,yes,video,tagalog,2795,cctv
gmanetwork,24 Oras,Micaela Papa,straight news,11/12/2014,http://www.gmanetwork.com/news/video/225003/24oras/tumagilid-na-truck-sa-cainta-naaksidente-muli-matapos-itayo,YES,"road crash incident(s), traffic congestion",,"Tumagilid na truck sa Cainta, naaksidente muli matapos itayo",6,commercial,"truck, bicycle, motorcycle",,,,,"Rizal, Cainta, Ortigas Extension",,,,,,,"LGU, PNP",,,,,yes,video,tagalog,2796,
gmanetwork,News to Go,Dante Perello,straight news,11/17/2014,http://www.gmanetwork.com/news/video/225413/newstogo/3-patay-4-sugatan-sa-aksidente-sa-c-5-ortigas-flyover-sa-pasig-city,YES,road crash incident(s),#3nursesC5,"3 patay, 4 sugatan sa aksidente sa C-5 Ortigas flyover sa Pasig City",2,"public, private","AUV, SUV",4,"ridergroup: driver; /
ridergroup: passenger; * 13 /",3,ridergroup: passenger; gender: female; profession: nurse; * 3/,"Metro Manila, Pasig City, Barangay Ugong C5 Flyover",2:00 AM,alcohol,,,,,,,,,,yes,video,tagalog,2797,
gmanetwork,Balita Pilipinas,,straight news,11/17/2014,http://www.gmanetwork.com/news/video/225480/balitapilipinas/naaksidenteng-dump-truck-nagdulot-ng-brownout-at-pagsikip-ng-trapiko-sa-taguig,YES - multiple,"road crash incident(s), traffic congestion",,"Naaksidenteng dump truck, nagdulot ng brownout at pagsikip ng trapiko sa Taguig",1,commercial,truck,,,,,"Metro Manila, Taguig",,"exploded tires, loss of control",,,,,,,,,"3 accidents discusssed, just noted details for the first one",yes,video,tagalog,2798,
gmanetwork,Balitanghali,Dante Perello,straight news,11/17/2014,http://www.gmanetwork.com/news/video/225443/balitanghali/tatlong-nurse-patay-sa-aksidente-sa-c-5-ortigas-flyover,YES,road crash incident(s),#3nursesC5,"Tatlong nurse, patay sa aksidente sa C-5 Ortigas flyover",,,,,,,,,,,,,,,,,,,,yes,video,tagalog,2799,
gmanetwork,QRT,Jiggy Manicad,straight news,11/19/2014,http://www.gmanetwork.com/news/video/225793/qrt/bahagi-ng-mini-dike-sa-pampanga-nasira-nang-maaksidente-ang-isang-dump-truck,YES,road crash incident(s),#dumptruckguagua,"Bahagi ng mini-dike sa Pampanga, nasira nang maaksidente ang isang dump truck",,,,,,,,,,,,,,,,,,,,yes,video,tagalog,2800,
gmanetwork,QRT,Jiggy Manicad,straight news,11/19/2014,http://www.gmanetwork.com/news/video/225795/qrt/panayam-kay-alex-batac-may-ari-ng-naaksidenteng-dump-truck-sa-guagua-pampanga,YES,"road crash incident(s), road crash follow-up report",#dumptruckguagua,"Panayam kay Alex Batac, may-ari ng naaksidenteng dump truck sa Guagua, Pampanga",1,Commercial,truck,,,,,,,,,,,,,,,,Report interviews the owner of truck that got into a road accident in Pampanga,yes,video,tagalog,2801,
gmanetwork,QRT,Jiggy Manicad,straight news,11/19/2014,http://www.gmanetwork.com/news/video/225804/qrt/panayam-kay-joe-dionisio-may-ari-ng-lupa-kung-saan-may-naaksidenteng-dump-truck,YES,"road crash incident(s), road crash follow-up report",#dumptruckguagua,"Panayam kay Joe Dionisio, may-ari ng lupa kung saan may naaksidenteng dump truck",,,,,,,,,,,,,,,,,,,,yes,video,tagalog,2802,
gmanetwork,QRT,Jiggy Manicad,straight news,11/19/2014,http://www.gmanetwork.com/news/video/225794/qrt/panayam-kay-mayor-torres-kaugnay-sa-naaksidenteng-trak-sa-guagua-pampanga,YES,"road crash incident(s), road crash follow-up report",#dumptruckguagua,"Panayam kay Mayor Torres, kaugnay sa naaksidenteng trak sa Guagua, Pampanga",,,,,,,,,,,,,,,,,,,,yes,video,tagalog,2803,
gmanetwork,QRT,Jiggy Manicad,straight news,11/19/2014,http://www.gmanetwork.com/news/video/225796/qrt/panayam-kay-roderick-sazon-driver-ng-naaksidenteng-trak-sa-guagua-pampanga,YES,"road crash incident(s), road crash follow-up report",#dumptruckguagua,"Panayam kay Roderick Sazon, driver ng naaksidenteng trak sa Guagua, Pampanga",,,,,,,,,,,,,,,,,,,,yes,video,tagalog,2804,
gmanetwork,Balitanghali,Sandra Aguinaldo,straight news,11/21/2014,http://www.gmanetwork.com/news/video/226050/balitanghali/hinihinalang-snatcher-sugatan-matapos-maaksidente-habang-tumatakas,YES,road crash incident(s),,"Hinihinalang snatcher, sugatan matapos maaksidente habang tumatakas",2,"private, commercial","motorcycle, truck",1,ridergroup: motorcycle driver; other: snatcher; name: Rodel Raet; /,,,"Metro Manila, Quezon City, Panay Avenue",night,,,,,,,,,,,yes,video,tagalog,2805,
gmanetwork,Unang Balita,Oscar Oida,straight news,11/26/2014,http://www.gmanetwork.com/news/video/226494/unangbalita/naaksidenteng-cement-mixer-sa-quirino-highway-hindi-pa-rin-naiaalis,YES,"road crash incident(s), traffic congestion",,"Naaksidenteng cement mixer sa Quirino Highway, hindi pa rin naiaalis",1,commercial,truck,,,,,"Metro Manila, Quezon City, Quirino Highway, Barangay Gulod",morning,loss of control,,,,,,,,,,yes,video,tagalog,2806,
gmanetwork,24 Oras,Jiggy Manicad,straight news,11/30/2014,http://www.gmanetwork.com/news/video/226978/24oras/vice-mayor-asistio-nagsalita-kaugnay-sa-aksidenteng-kinasangkutan-ng-pamangkin,YES,road crash incident(s),#asistiocrash,"Vice Mayor Asistio, nagsalita kaugnay sa aksidenteng kinasangkutan ng pamangkin",,,,,,,,,,,,,,,,,,,,yes,video,tagalog,2807,
gmanetwork,QRT,Jiggy Manicad,straight news,12/24/2014,http://www.gmanetwork.com/news/video/230997/qrt/ilang-aksidente-sa-nlex-nagpabigat-sa-daloy-ng-trapiko-kanina,YES - multiple,"road crash incident(s), traffic congestion",,"Ilang aksidente sa NLEX, nagpabigat sa daloy ng trapiko kanina",4,,,,,,,"Metro Manila, Valenzuela City, NLEX",morning,"slippery roads, bad weather",,,,,NLEX Management,,,,,yes,video,tagalog,2808,